32201,"690  ","6900000","ȹ","´","ƹŲޱ","","]s","ȉɌfڂȂꍇ",0,0,0,0,0,0
32201,"69002","6900261","ȹ","´","","","]s","H",0,0,0,0,0,0
32201,"690  ","6900022","ȹ","´","޲","","]s","t",0,0,0,0,0,0
32201,"690  ","6900015","ȹ","´","ɷ","","]s","T",0,0,1,0,0,0
32201,"690  ","6900834","ȹ","´","","","]s","ޒ",0,0,0,0,0,0
32201,"690  ","6900003","ȹ","´","","","]s","",0,0,0,0,0,0
32201,"690  ","6900027","ȹ","´","","","]s","ӉF",0,0,0,0,0,0
32201,"690  ","6900881","ȹ","´","޼","","]s","΋",0,0,0,0,0,0
32201,"690  ","6900006","ȹ","´","","","]s","ɐ{",0,0,0,0,0,0
32201,"690  ","6900034","ȹ","´","","","]s","̒J",0,0,0,0,0,0
32201,"690  ","6900062","ȹ","´","","","]s","",0,0,0,0,0,0
32201,"690  ","6900869","ȹ","´","޲޲","","]s","",0,0,0,0,0,0
32201,"69001","6900131","ȹ","´","","","]s","ŏo",0,0,0,0,0,0
32201,"690  ","6900873","ȹ","´","Ŷ","","]s","",0,0,0,0,0,0
32201,"69011","6901115","ȹ","´","","","]s","W",0,0,0,0,0,0
32201,"690  ","6900832","ȹ","´","","","]s","䒬",0,0,0,0,0,0
32201,"69002","6900263","ȹ","´","޷","","]s","_",0,0,0,0,0,0
32201,"690  ","6900032","ȹ","´","","","]s","呐",0,0,0,0,0,0
32201,"69002","6900264","ȹ","´","","","]s","쒬",0,0,0,0,0,0
32201,"690  ","6900033","ȹ","´","","","]s","뒬",0,0,0,0,0,0
32201,"690  ","6900831","ȹ","´","л","","]s","C蒬",0,0,0,0,0,0
32201,"69002","6900262","ȹ","´","","","]s","{",0,0,0,0,0,0
32201,"690  ","6900872","ȹ","´","","","]s","J",0,0,0,0,0,0
32201,"690  ","6900007","ȹ","´","þ","","]s","D꒬",0,0,0,0,0,0
32201,"69002","6900266","ȹ","´","ɾ","","]s","",0,0,0,0,0,0
32201,"690  ","6900848","ȹ","´","","","]s","",0,0,0,0,0,0
32201,"690  ","6900825","ȹ","´","޸","","]s","w",0,0,1,0,0,0
32201,"690  ","6900826","ȹ","´","޸","","]s","w",0,0,1,0,0,0
32201,"69003","6900322","ȹ","´","","","]s","b",0,0,0,0,0,0
32201,"69003","6900324","ȹ","´","","","]s","Ћ",0,0,0,0,0,0
32201,"690  ","6900801","ȹ","´","к","","]s","u",0,0,0,0,0,0
32201,"690  ","6900804","ȹ","´","","","]s","ku",0,0,0,0,0,0
32201,"69003","6900333","ȹ","´","","","]s","ÉY",0,0,0,0,0,0
32201,"69003","6900332","ȹ","´","ݺ޳","","]s","ɖ{",0,0,0,0,0,0
32201,"69003","6900331","ȹ","´","Գ","","]s","ɋ{",0,0,0,0,0,0
32201,"69003","6900321","ȹ","´","޲","","]s","",0,0,0,0,0,0
32201,"69003","6900323","ȹ","´","","","]s","茋",0,0,0,0,0,0
32201,"69004","6900411","ȹ","´","","","]s","",0,0,0,0,0,0
32201,"690  ","6900802","ȹ","´","к","","]s","u",0,0,0,0,0,0
32201,"690  ","6900803","ȹ","´","Ю","","]s","",0,0,0,0,0,0
32201,"690  ","6900877","ȹ","´","","","]s","t",0,0,0,0,0,0
32201,"690  ","6900847","ȹ","´","","","]s","Ќ",0,0,0,0,0,0
32201,"69011","6901104","ȹ","´","г޵","","]s","F",0,0,0,0,0,0
32201,"69002","6900265","ȹ","´","е","","]s","쒬",0,0,0,0,0,0
32201,"690  ","6900867","ȹ","´","л","","]s","㍲ɒ",0,0,0,0,0,0
32201,"690  ","6900821","ȹ","´","˶޼","","]s","㓌Ò",0,0,0,0,0,0
32201,"69011","6901102","ȹ","´","ݼޮ","","]s","{",0,0,0,0,0,0
32201,"690  ","6900812","ȹ","´","","","]s","쌴",0,0,0,0,0,0
32201,"690  ","6900883","ȹ","´","","","]s","kc",0,0,0,0,0,0
32201,"690  ","6900888","ȹ","´","","","]s","kx",0,0,0,0,0,0
32201,"690  ","6900859","ȹ","´","","","]s","",0,0,0,0,0,0
32201,"690  ","6900876","ȹ","´","","","]s","c",0,0,0,0,0,0
32201,"69001","6900121","ȹ","´","","","]s","Îu",0,0,0,0,0,0
32201,"690  ","6900012","ȹ","´","","","]s","Îu",0,0,1,0,0,0
32201,"690  ","6900013","ȹ","´","","","]s","Îu",0,0,0,0,0,0
32201,"69001","6900151","ȹ","´","","","]s","Ñ]u",0,0,0,0,0,0
32201,"690  ","6900856","ȹ","´","","","]s","EÒ",0,0,0,0,0,0
32201,"690  ","6900056","ȹ","´","","","]s","G꒬",0,0,0,0,0,0
32201,"690  ","6900041","ȹ","´","ܲ","","]s","K",0,0,0,0,0,0
32201,"690  ","6900042","ȹ","´","","","]s","h",0,0,0,0,0,0
32201,"690  ","6900813","ȹ","´","","","]s","{",0,0,0,0,0,0
32201,"690  ","6900035","ȹ","´","","","]s","",0,0,0,0,0,0
32201,"69004","6900402","ȹ","´","ܼ","","]s","到",0,0,0,0,0,0
32201,"69004","6900401","ȹ","´","","","]s","",0,0,0,0,0,0
32201,"69012","6901213","ȹ","´","","","]s","",0,0,0,0,0,0
32201,"69012","6901211","ȹ","´","ɲ","","]s","",0,0,0,0,0,0
32201,"69012","6901212","ȹ","´","","","]s","g",0,0,0,0,0,0
32201,"690  ","6900866","ȹ","´","ӻ","","]s","ɒ",0,0,0,0,0,0
32201,"690  ","6900822","ȹ","´","˶޼","","]s","Ò",0,0,0,0,0,0
32201,"69001","6900141","ȹ","´","ޮ","","]s","",0,0,0,0,0,0
32201,"690  ","6900868","ȹ","´","θ޲","","]s","k",0,0,0,0,0,0
32201,"690  ","6900061","ȹ","´","׶","","]s","{",0,0,0,0,0,0
32201,"690  ","6900054","ȹ","´","ݻ","","]s","VG꒬",0,0,0,0,0,0
32201,"69904","6990407","ȹ","´","ݼ","","]s","Ɏu",0,0,0,0,0,0
32201,"69904","6990405","ȹ","´","ݼз","","]s","㗈",0,0,0,0,0,0
32201,"69904","6990406","ȹ","´","ݼ","","]s","Xz",0,0,0,0,0,0
32201,"69904","6990408","ȹ","´","ݼ","","]s","a",0,0,0,0,0,0
32201,"69904","6990401","ȹ","´","ݼݼ","","]s","",0,0,0,0,0,0
32201,"69904","6990403","ȹ","´","ݼƼ","","]s","",0,0,0,0,0,0
32201,"69904","6990402","ȹ","´","ݼʸ","","]s","",0,0,0,0,0,0
32201,"69904","6990404","ȹ","´","ݼ˶޼","","]s","",0,0,0,0,0,0
32201,"69011","6901103","ȹ","´","ݼޮ","","]s","V",0,0,0,0,0,0
32201,"690  ","6900057","ȹ","´","","","]s","V",0,0,0,0,0,0
32201,"690  ","6900846","ȹ","´","¸","","]s","",0,0,0,0,0,0
32201,"690  ","6900843","ȹ","´","¸","","]s","{",0,0,0,0,0,0
32201,"690  ","6900824","ȹ","´","","","]s","c",0,0,0,0,0,0
32201,"690  ","6900878","ȹ","´","ź","","]s","q",0,0,0,0,0,0
32201,"690  ","6900049","ȹ","´","޼","","]s","t",0,0,0,0,0,0
32201,"690  ","6900875","ȹ","´","Ŷ","","]s","O",0,0,0,0,0,0
32201,"690  ","6900002","ȹ","´","","","]s","吳",0,0,0,0,0,0
32201,"690  ","6900882","ȹ","´","޲","","]s","֒",0,0,0,0,0,0
32201,"69011","6901113","ȹ","´","","","]s","p",0,0,0,0,0,0
32201,"690  ","6900052","ȹ","´","","","]s","G",0,0,0,0,0,0
32201,"69902","6990205","ȹ","´","","","]s","ʓJ",0,0,0,0,0,0
32201,"69902","6990201","ȹ","´","¸","","]s","ʓʑ",0,0,0,0,0,0
32201,"69902","6990204","ȹ","´","Լ","","]s","ʓ",0,0,0,0,0,0
32201,"69902","6990203","ȹ","´","̼","","]s","ʓzu",0,0,0,0,0,0
32201,"69902","6990202","ȹ","´","","","]s","ʓ",0,0,0,0,0,0
32201,"690  ","6900058","ȹ","´","","","]s","caR",0,0,0,0,0,0
32201,"690  ","6900023","ȹ","´","","","]s","|",0,0,0,0,0,0
32201,"690  ","6900852","ȹ","´","","","]s","璹",0,0,0,0,0,0
32201,"690  ","6900055","ȹ","´","","","]s","Óc",0,0,0,0,0,0
32201,"690  ","6900063","ȹ","´","","","]s","",0,0,0,0,0,0
32201,"690  ","6900064","ȹ","´","ݼ","","]s","V_",0,0,0,0,0,0
32201,"690  ","6900851","ȹ","´","޳","","]s","`",0,0,0,0,0,0
32201,"690  ","6900887","ȹ","´","","","]s","a",0,0,0,0,0,0
32201,"690  ","6900874","ȹ","´","Ŷ","","]s","",0,0,0,0,0,0
32201,"69011","6901112","ȹ","´","Ŷ","","]s","C",0,0,0,0,0,0
32201,"690  ","6900065","ȹ","´","","","]s","咬",0,0,0,0,0,0
32201,"690  ","6900854","ȹ","´","߲޲","","]s","약",0,0,0,0,0,0
32201,"690  ","6900865","ȹ","´","Ƽ","","]s","n",0,0,0,0,0,0
32201,"690  ","6900037","ȹ","´","Ƽ","","]s","",0,0,0,0,0,0
32201,"690  ","6900835","ȹ","´","Ƽ","","]s","",0,0,0,0,0,0
32201,"690  ","6900823","ȹ","´","Ƽ","","]s","Ò",0,0,0,0,0,0
32201,"69001","6900142","ȹ","´","Ƽ","","]s","J",0,0,0,0,0,0
32201,"690  ","6900845","ȹ","´","Ƽ","","]s","",0,0,0,0,0,0
32201,"690  ","6900017","ȹ","´","Ƽ","","]s","Óc",0,0,1,0,0,0
32201,"69001","6900132","ȹ","´","ƼŶ޴","","]s","]",0,0,0,0,0,0
32201,"69001","6900122","ȹ","´","Ƽϻ","","]s","lɒ",0,0,0,0,0,0
32201,"690  ","6900860","ȹ","´","Ƽί","","]s","@g",0,0,0,0,0,0
32201,"690  ","6900815","ȹ","´","Ƽ","","]s","c",0,0,0,0,0,0
32201,"690  ","6900048","ȹ","´","ƼҼ","","]s","œ",0,0,1,0,0,0
32201,"690  ","6900046","ȹ","´","ɷ̸","","]s","Tؕx",0,0,0,0,0,0
32201,"690  ","6900045","ȹ","´","ɼ","","]s","T",0,0,0,0,0,0
32201,"69011","6901114","ȹ","´","","","]s","쌴",0,0,0,0,0,0
32201,"690  ","6900004","ȹ","´","","","]s","",0,0,0,0,0,0
32201,"690  ","6900855","ȹ","´","ϻ","","]s","lc",0,0,0,0,0,0
32201,"690  ","6900044","ȹ","´","ɷ","","]s","lT",0,0,1,0,0,0
32201,"690  ","6900001","ȹ","´","˶޼","","]s","",0,0,0,0,0,0
32201,"690  ","6900864","ȹ","´","˶޼","","]s","n",0,0,0,0,0,0
32201,"69901","6990108","ȹ","´","˶޼޶","","]s","o_o_",0,0,0,0,0,0
32201,"69901","6990111","ȹ","´","˶޼","","]s","o_ӉF",0,0,1,0,0,0
32201,"69901","6990112","ȹ","´","˶޼˶޼","","]s","o_ӉF",0,0,1,0,0,0
32201,"69901","6990107","ȹ","´","˶޼","","]s","o_{",0,0,0,0,0,0
32201,"69901","6990101","ȹ","´","˶޼","","]s","o_K",0,0,0,0,0,0
32201,"69901","6990105","ȹ","´","˶޼","","]s","o_n",0,0,0,0,0,0
32201,"69901","6990106","ȹ","´","˶޼","","]s","o_t",0,0,0,0,0,0
32201,"69901","6990103","ȹ","´","˶޼вĳ","","]s","o_ӓ",0,0,0,0,0,0
32201,"69901","6990102","ȹ","´","˶޼Ӳĳ","","]s","o_ӓ",0,0,0,0,0,0
32201,"69901","6990104","ȹ","´","˶޼","","]s","o_{c",0,0,0,0,0,0
32201,"69901","6990110","ȹ","´","˶޼Ƽ","","]s","o_ѐV",0,0,1,0,0,0
32201,"69901","6990109","ȹ","´","˶޼Ƽ","","]s","o_ѕl",0,0,0,0,0,0
32201,"690  ","6900036","ȹ","´","˶޼","","]s","",0,0,0,0,0,0
32201,"690  ","6900871","ȹ","´","˶޼","","]s","J",0,0,0,0,0,0
32201,"690  ","6900844","ȹ","´","˶޼","","]s","",0,0,0,0,0,0
32201,"690  ","6900011","ȹ","´","˶޼","","]s","Óc",0,0,0,0,0,0
32201,"69001","6900133","ȹ","´","˶޼Ŷ޴","","]s","]",0,0,0,0,0,0
32201,"690  ","6900842","ȹ","´","˶޼","","]s","{",0,0,1,0,0,0
32201,"690  ","6900814","ȹ","´","˶޼","","]s","c",0,0,0,0,0,0
32201,"690  ","6900862","ȹ","´","¶޵","","]s","Âu",0,0,1,0,0,0
32201,"690  ","6900863","ȹ","´","","","]s","Ò",0,0,0,0,0,0
32201,"690  ","6900833","ȹ","´","̸","","]s","x",0,0,0,0,0,0
32201,"690  ","6900811","ȹ","´","̸","","]s","",0,0,0,0,0,0
32201,"690  ","6900026","ȹ","´","̼","","]s","xm",0,0,0,0,0,0
32201,"690  ","6900038","ȹ","´","Ͳ","","]s","",0,0,0,0,0,0
32201,"690  ","6900816","ȹ","´","θخ","","]s","k˒",0,0,0,0,0,0
32201,"690  ","6900861","ȹ","´","ί","","]s","@g",0,0,0,0,0,0
32201,"690  ","6900886","ȹ","´","","","]s","ߒ",0,0,0,0,0,0
32201,"690  ","6900053","ȹ","´","ݺ޳","","]s","{",0,0,0,0,0,0
32201,"69011","6901101","ȹ","´","ݼޮ","","]s","{",0,0,0,0,0,0
32201,"690  ","6900024","ȹ","´","϶","","]s","n",0,0,0,0,0,0
32201,"69011","6901111","ȹ","´","ϸ׷","","]s","ؒ",0,0,0,0,0,0
32201,"690  ","6900043","ȹ","´","µ","","]s","",0,0,0,0,0,0
32201,"690  ","6900884","ȹ","´","","","]s","c",0,0,0,0,0,0
32201,"69012","6901223","ȹ","´","ɾ","","]s","ۊ֒}Y",0,0,0,0,0,0
32201,"69013","6901315","ȹ","´","ɾ","","]s","ۊ֒Ѝ]",0,0,0,0,0,0
32201,"69012","6901221","ȹ","´","ɾ","","]s","ۊ֒kY",0,0,0,0,0,0
32201,"69015","6901502","ȹ","´","ɾ","","]s","ۊ֒_",0,0,0,0,0,0
32201,"69013","6901311","ȹ","´","ɾٲ","","]s","ۊ֒",0,0,0,0,0,0
32201,"69013","6901313","ȹ","´","ɾӳ޵","","]s","ۊ֒F",0,0,0,0,0,0
32201,"69013","6901314","ȹ","´","ɾ޳","","]s","ۊ֒Y",0,0,0,0,0,0
32201,"69012","6901222","ȹ","´","ɾ","","]s","ۊ֒",0,0,0,0,0,0
32201,"69015","6901504","ȹ","´","ɾ̸","","]s","ۊ֒Y",0,0,0,0,0,0
32201,"69015","6901501","ȹ","´","ɾɾ","","]s","ۊ֒ۊ",0,0,0,0,0,0
32201,"69015","6901505","ȹ","´","ɾ(Ȼ޷)","","]s","ۊ֒XRiËj",1,0,0,0,0,0
32201,"69013","6901312","ȹ","´","ɾ()","","]s","ۊ֒XRȋj",1,0,0,0,0,0
32201,"69015","6901503","ȹ","´","ɾ۸","","]s","ۊ֒",0,0,0,0,0,0
32201,"690  ","6900841","ȹ","´","Ѻ","","]s","",0,0,0,0,0,0
32201,"690  ","6900014","ȹ","´","Ը޲","","]s","_",0,0,1,0,0,0
32201,"69021","6902104","ȹ","´","Ը","","]s","_F",0,0,0,0,0,0
32201,"69021","6902103","ȹ","´","ԸƼܻ","","]s","_",0,0,0,0,0,0
32201,"69021","6902102","ȹ","´","Ը˶޼ܻ","","]s","_",0,0,0,0,0,0
32201,"69021","6902101","ȹ","´","Ըּ","","]s","_g",0,0,0,0,0,0
32201,"69021","6902105","ȹ","´","Ը","","]s","_",0,0,0,0,0,0
32201,"690  ","6900021","ȹ","´","","","]s","c",0,0,0,0,0,0
32201,"69014","6901401","ȹ","´","¶","","]s","]",0,0,0,0,0,0
32201,"69014","6901403","ȹ","´","¶","","]s","x]",0,0,0,0,0,0
32201,"69014","6901408","ȹ","´","¶Ҽ","","]s","TK",0,0,0,0,0,0
32201,"69014","6901407","ȹ","´","¶","","]s","",0,0,0,0,0,0
32201,"69014","6901405","ȹ","´","¶ƭ","","]s","]",0,0,0,0,0,0
32201,"69014","6901404","ȹ","´","¶ƭ","","]s","g",0,0,0,0,0,0
32201,"69014","6901406","ȹ","´","¶","","]s","q",0,0,0,0,0,0
32201,"69014","6901402","ȹ","´","¶","","]s","nn",0,0,0,0,0,0
32201,"690  ","6900031","ȹ","´","ϼ","","]s","R㒬",0,0,0,0,0,0
32201,"690  ","6900025","ȹ","´","","","]s","",0,0,0,0,0,0
32201,"690  ","6900051","ȹ","´","ֺ","","]s","l",0,0,0,0,0,0
32201,"690  ","6900885","ȹ","´","ź","","]s","Ďq",0,0,0,0,0,0
32201,"690  ","6900047","ȹ","´","Ҽ","","]s","œ",0,0,0,0,0,0
32201,"690  ","6900005","ȹ","´","","","]s","a",0,0,0,0,0,0
32202,"697  ","6970000","ȹ","޼","ƹŲޱ","","lcs","ȉɌfڂȂꍇ",0,0,0,0,0,0
32202,"697  ","6970034","ȹ","޼","","","lcs","",0,0,0,0,0,0
32202,"697  ","6970022","ȹ","޼","","","lcs","䒬",0,0,0,0,0,0
32202,"69705","6970514","ȹ","޼","","","lcs","s",0,0,0,0,0,0
32202,"69704","6970425","ȹ","޼","ϲ","","lcs","s",0,0,0,0,0,0
32202,"69704","6970427","ȹ","޼","","","lcs","ؓc",0,0,0,0,0,0
32202,"69705","6970512","ȹ","޼","","","lcs","",0,0,0,0,0,0
32202,"69705","6970513","ȹ","޼","(·)","","lcs","{ic؁j",1,0,0,0,0,0
32202,"69704","6970431","ȹ","޼","()","","lcs","{ȋj",1,0,0,0,0,0
32202,"69704","6970423","ȹ","޼","","","lcs","dx",0,0,0,0,0,0
32202,"69705","6970511","ȹ","޼","¶","","lcs","s",0,0,0,0,0,0
32202,"69704","6970422","ȹ","޼","ݺ޳","","lcs","{",0,0,0,0,0,0
32202,"69704","6970426","ȹ","޼","","","lcs","ی",0,0,0,0,0,0
32202,"69704","6970421","ȹ","޼","ɳ","","lcs","Rm",0,0,0,0,0,0
32202,"69704","6970424","ȹ","޼","","","lcs","ac",0,0,0,0,0,0
32202,"697  ","6970033","ȹ","޼","","","lcs","",0,0,0,0,0,0
32202,"697  ","6970062","ȹ","޼","","","lcs","Mc",0,0,0,0,0,0
32202,"69713","6971334","ȹ","޼","","","lcs","Jc",0,0,0,0,0,0
32202,"69713","6971335","ȹ","޼","","","lcs","쒬",0,0,0,0,0,0
32202,"697  ","6970032","ȹ","޼","","","lcs","s",0,0,0,0,0,0
32202,"697  ","6970011","ȹ","޼","","","lcs","쒬",0,0,0,0,0,0
32202,"697  ","6970064","ȹ","޼","(ˬݷ)","","lcs","ciSRj",1,0,0,0,0,0
32202,"69713","6971323","ȹ","޼","()","","lcs","cȋj",1,0,0,0,0,0
32202,"69703","6970312","ȹ","޼","²","","lcs","FÈ䒬",0,0,0,0,0,0
32202,"69501","6950102","ȹ","޼","","","lcs","F쒬",0,0,0,0,0,0
32202,"697  ","6970002","ȹ","޼","","","lcs","",0,0,0,0,0,0
32202,"697  ","6970044","ȹ","޼","޽","","lcs","gq",0,0,0,0,0,0
32202,"69501","6950103","ȹ","޼","","","lcs","",0,0,0,0,0,0
32202,"697  ","6970053","ȹ","޼","¼","","lcs","Ғ",0,0,0,0,0,0
32202,"69713","6971338","ȹ","޼","ز","","lcs","܋",0,0,0,0,0,0
32202,"697  ","6970061","ȹ","޼","","","lcs","}",0,0,0,0,0,0
32202,"697  ","6970041","ȹ","޼","","","lcs","В뒬",0,0,0,0,0,0
32202,"69703","6970302","ȹ","޼","ŷ̸","","lcs","钬",0,0,0,0,0,0
32202,"69703","6970305","ȹ","޼","ŷ","","lcs","钬",0,0,0,0,0,0
32202,"69703","6970304","ȹ","޼","ŷ²","","lcs","钬FÈ",0,0,0,0,0,0
32202,"69703","6970301","ȹ","޼","ŷ","","lcs","钬ǌ",0,0,0,0,0,0
32202,"69702","6970213","ȹ","޼","ŷ","","lcs","钬",0,0,0,0,0,0
32202,"69701","6970122","ȹ","޼","ŷи","","lcs","钬㗈",0,0,0,0,0,0
32202,"69703","6970303","ȹ","޼","ŷ","","lcs","钬v",0,0,0,0,0,0
32202,"69701","6970123","ȹ","޼","ŷޮ","","lcs","钬",0,0,0,0,0,0
32202,"69701","6970121","ȹ","޼","ŷӸ","","lcs","钬",0,0,0,0,0,0
32202,"69702","6970212","ȹ","޼","ŷŶ","","lcs","钬c",0,0,0,0,0,0
32202,"69702","6970211","ȹ","޼","ŷʻ","","lcs","钬g",0,0,0,0,0,0
32202,"697  ","6970005","ȹ","޼","к","","lcs","{",0,0,0,0,0,0
32202,"697  ","6970045","ȹ","޼","","","lcs","",0,0,0,0,0,0
32202,"697  ","6970004","ȹ","޼","","","lcs","v㒬",0,0,0,0,0,0
32202,"697  ","6970024","ȹ","޼","۶","","lcs","쒬",0,0,0,0,0,0
32202,"697  ","6970007","ȹ","޼","","","lcs","",0,0,0,0,0,0
32202,"697  ","6970012","ȹ","޼","","","lcs","͓",0,0,0,0,0,0
32202,"697  ","6970003","ȹ","޼","","","lcs","",0,0,0,0,0,0
32202,"697  ","6970031","ȹ","޼","","","lcs","",0,0,0,0,0,0
32202,"697  ","6970043","ȹ","޼","","","lcs","h",0,0,0,0,0,0
32202,"69703","6970311","ȹ","޼","","","lcs","쒬",0,0,0,0,0,0
32202,"697  ","6970013","ȹ","޼","ݶ޲","","lcs","OK",0,0,0,0,0,0
32202,"697  ","6970047","ȹ","޼","н","","lcs","",0,0,0,0,0,0
32202,"69501","6950101","ȹ","޼","ӱ̸","","lcs","L",0,0,0,0,0,0
32202,"697  ","6970006","ȹ","޼","Ӻ","","lcs","{",0,0,0,0,0,0
32202,"697  ","6970046","ȹ","޼","ݺ","","lcs","^",0,0,0,0,0,0
32202,"697  ","6970037","ȹ","޼","","","lcs","V",0,0,0,0,0,0
32202,"697  ","6970035","ȹ","޼","","","lcs","˒",0,0,0,0,0,0
32202,"69713","6971321","ȹ","޼","","","lcs","z",0,0,0,0,0,0
32202,"697  ","6970051","ȹ","޼","Ķ޼","","lcs","˃P",0,0,0,0,0,0
32202,"697  ","6970057","ȹ","޼","","","lcs","ˌ",0,0,0,0,0,0
32202,"697  ","6970054","ȹ","޼","","","lcs","c",0,0,0,0,0,0
32202,"697  ","6970015","ȹ","޼","޺","","lcs","|",0,0,0,0,0,0
32202,"69713","6971332","ȹ","޼","޾","","lcs","c",0,0,0,0,0,0
32202,"697  ","6970026","ȹ","޼","","","lcs","c",0,0,0,0,0,0
32202,"69713","6971326","ȹ","޼","","","lcs","a",0,0,0,0,0,0
32202,"69713","6971327","ȹ","޼","","","lcs","Ö",0,0,0,0,0,0
32202,"697  ","6970036","ȹ","޼","","","lcs","V",0,0,0,0,0,0
32202,"697  ","6970001","ȹ","޼","ɳ","","lcs","OmY",0,0,0,0,0,0
32202,"697  ","6970027","ȹ","޼","","","lcs","a",0,0,0,0,0,0
32202,"697  ","6970065","ȹ","޼","Ų(ޭݼ)","","lcs","i\j",1,0,0,0,0,0
32202,"69713","6971331","ȹ","޼","Ų()","","lcs","ȋj",1,0,0,0,0,0
32202,"697  ","6970023","ȹ","޼","Ŷ޻","","lcs","",0,0,0,0,0,0
32202,"697  ","6970063","ȹ","޼","Ŷ","","lcs","l",0,0,0,0,0,0
32202,"697  ","6970014","ȹ","޼","Ŷ","","lcs","",0,0,0,0,0,0
32202,"69713","6971333","ȹ","޼","޲","","lcs","Β",0,0,0,0,0,0
32202,"697  ","6970042","ȹ","޼","Ƽ","","lcs","ђ",0,0,0,0,0,0
32202,"69713","6971337","ȹ","޼","Ƽ","","lcs","",0,0,0,0,0,0
32202,"697  ","6970016","ȹ","޼","","","lcs","쌴",0,0,0,0,0,0
32202,"697  ","6970017","ȹ","޼","ײ","","lcs","䒬",0,0,0,0,0,0
32202,"697  ","6970056","ȹ","޼","","","lcs","",0,0,0,0,0,0
32202,"69713","6971322","ȹ","޼","ż","","lcs","r",0,0,0,0,0,0
32202,"697  ","6970025","ȹ","޼","","","lcs","i",0,0,0,0,0,0
32202,"69713","6971324","ȹ","޼","","","lcs","o",0,0,0,0,0,0
32202,"697  ","6970021","ȹ","޼","","","lcs","",0,0,0,0,0,0
32202,"69933","6993302","ȹ","޼","н","","lcs","OJ",0,0,0,0,0,0
32202,"69932","6993215","ȹ","޼","н","","lcs","O",0,0,0,1,0,0
32202,"69933","6993301","ȹ","޼","н","","lcs","O",0,0,0,0,0,0
32202,"69932","6993226","ȹ","޼","н","","lcs","O",0,0,0,0,0,0
32202,"69932","6993222","ȹ","޼","нز","","lcs","O܋",0,0,0,0,0,0
32202,"69932","6993216","ȹ","޼","нк","","lcs","OØa",0,0,0,0,0,0
32202,"69932","6993217","ȹ","޼","нۻ","","lcs","O",0,0,0,0,0,0
32202,"69932","6993213","ȹ","޼","н","","lcs","O͓",0,0,0,0,0,0
32202,"69932","6993223","ȹ","޼","н޳","","lcs","O͓",0,0,0,0,0,0
32202,"69932","6993215","ȹ","޼","нӺ","","lcs","OØa",0,0,0,1,0,0
32202,"69932","6993221","ȹ","޼","н˶޼","","lcs","O",0,0,0,0,0,0
32202,"69932","6993225","ȹ","޼","нٲ","","lcs","OÎs",0,0,0,0,0,0
32202,"69932","6993211","ȹ","޼","нн","","lcs","OO",0,0,0,0,0,0
32202,"69932","6993224","ȹ","޼","нĳ","","lcs","OY",0,0,0,0,0,0
32202,"69932","6993212","ȹ","޼","нѶ","","lcs","Oc",0,0,0,0,0,0
32202,"69933","6993303","ȹ","޼","н","","lcs","OJ",0,0,0,0,0,0
32202,"69932","6993214","ȹ","޼","н","","lcs","O",0,0,0,0,0,0
32202,"697  ","6970052","ȹ","޼","","","lcs","`",0,0,0,0,0,0
32202,"697  ","6970055","ȹ","޼","","","lcs","l",0,0,0,0,0,0
32202,"69712","6971215","ȹ","޼","Իż","","lcs","h",0,0,0,0,0,0
32202,"69712","6971214","ȹ","޼","Ի","","lcs","h",0,0,0,0,0,0
32202,"69712","6971202","ȹ","޼","Ի","","lcs","h",0,0,0,0,0,0
32202,"69712","6971204","ȹ","޼","Ի","","lcs","hc",0,0,0,0,0,0
32202,"69711","6971122","ȹ","޼","Ի¶","","lcs","hؓs",0,0,0,0,0,0
32202,"69712","6971203","ȹ","޼","Ի","","lcs","h",0,0,0,0,0,0
32202,"69711","6971123","ȹ","޼","Ի","","lcs","hc쌴",0,0,0,0,0,0
32202,"69712","6971201","ȹ","޼","Ի","","lcs","hȖ",0,0,0,0,0,0
32202,"69712","6971211","ȹ","޼","ԻŶԽݺ޳","","lcs","h{",0,0,0,0,0,0
32202,"69711","6971121","ȹ","޼","Իɻ","","lcs","h",0,0,0,0,0,0
32202,"69712","6971213","ȹ","޼","Ի","","lcs","h",0,0,0,0,0,0
32202,"69712","6971212","ȹ","޼","Իл","","lcs","hO",0,0,0,0,0,0
32202,"69713","6971336","ȹ","޼","ֺ","","lcs","R",0,0,0,0,0,0
32202,"69713","6971325","ȹ","޼","ּ","","lcs","gn",0,0,0,0,0,0
32203,"693  ","6930000","ȹ","Ӽ","ƹŲޱ","","o_s","ȉɌfڂȂꍇ",0,0,0,0,0,0
32203,"69302","6930213","ȹ","Ӽ","","","o_s","R",0,0,0,0,0,0
32203,"693  ","6930035","ȹ","Ӽ","","","o_s","n",0,0,0,0,0,0
32203,"693  ","6930044","ȹ","Ӽ","׶","","o_s","r",0,0,0,0,0,0
32203,"693  ","6930027","ȹ","Ӽ","޲","","o_s","쒬",0,0,1,0,0,0
32203,"693  ","6930071","ȹ","Ӽ","ŵ","","o_s","",0,0,0,0,0,0
32203,"691  ","6910024","ȹ","Ӽ","","","o_s","ڒ",0,0,0,0,0,0
32203,"693  ","6930001","ȹ","Ӽ","ϲ","","o_s","s",0,0,0,0,0,0
32203,"693  ","6930002","ȹ","Ӽ","ϲ","","o_s","sk{",0,0,1,0,0,0
32203,"693  ","6930003","ȹ","Ӽ","ϲ","","o_s","s{",0,0,0,0,0,0
32203,"691  ","6910042","ȹ","Ӽ","ٲ","","o_s","\Z",0,0,0,0,0,0
32203,"69301","6930105","ȹ","Ӽ","","","o_s","Fߎ蒬",0,0,0,0,0,0
32203,"693  ","6930007","ȹ","Ӽ","","","o_s","wk",0,0,0,0,0,0
32203,"693  ","6930008","ȹ","Ӽ","","","o_s","w쒬",0,0,0,0,0,0
32203,"693  ","6930017","ȹ","Ӽ","޵","","o_s","}Ò",0,0,1,0,0,0
32203,"693  ","6930056","ȹ","Ӽ","","","o_s","]c",0,0,0,0,0,0
32203,"693  ","6930023","ȹ","Ӽ","Ա","","o_s","L",0,0,1,0,0,0
32203,"693  ","6930024","ȹ","Ӽ","Զϴ","","o_s","_O",0,0,1,0,0,0
32203,"693  ","6930028","ȹ","Ӽ","Ծݺ","","o_s","Ps",0,0,0,0,0,0
32203,"693  ","6930021","ȹ","Ӽ","","","o_s","蒬",0,0,0,0,0,0
32203,"693  ","6930025","ȹ","Ӽ","","","o_s","蒬쒬",0,0,1,0,0,0
32203,"693  ","6930026","ȹ","Ӽ","","","o_s","茴",0,0,1,0,0,0
32203,"69908","6990821","ȹ","Ӽ","","","o_s","哇",0,0,0,0,0,0
32203,"693  ","6930015","ȹ","Ӽ","±","","o_s","Òq",0,0,1,0,0,0
32203,"693  ","6930063","ȹ","Ӽ","¶","","o_s","˒",0,0,0,0,0,0
32203,"693  ","6930012","ȹ","Ӽ","¼ݻ޷","","o_s","ÐV蒬",0,0,1,0,0,0
32203,"693  ","6930011","ȹ","Ӽ","","","o_s","Ò",0,0,0,0,0,0
32203,"691  ","6910063","ȹ","Ӽ","","","o_s","c",0,0,0,0,0,0
32203,"693  ","6930013","ȹ","Ӽ","","","o_s","`",0,0,0,0,0,0
32203,"691  ","6910021","ȹ","Ӽ","","","o_s","F꒬",0,0,0,0,0,0
32203,"69302","6930216","ȹ","Ӽ","","","o_s","",0,0,0,0,0,0
32203,"693  ","6930051","ȹ","Ӽ","","","o_s","R",0,0,0,0,0,0
32203,"691  ","6910043","ȹ","Ӽ","ϳ","","o_s","Y",0,0,0,0,0,0
32203,"693  ","6930022","ȹ","Ӽ","д","","o_s","㉖蒬",0,0,0,0,0,0
32203,"691  ","6910064","ȹ","Ӽ","е","","o_s","㉪c",0,0,0,0,0,0
32203,"69301","6930101","ȹ","Ӽ","м","","o_s","㓇",0,0,0,0,0,0
32203,"691  ","6910023","ȹ","Ӽ","׶","","o_s","쒬",0,0,0,0,0,0
32203,"691  ","6910025","ȹ","Ӽ","ܼ","","o_s","͉",0,0,0,0,0,0
32203,"693  ","6930034","ȹ","Ӽ","","","o_s","_咬",0,0,0,0,0,0
32203,"693  ","6930072","ȹ","Ӽ","","","o_s","",0,0,0,0,0,0
32203,"691  ","6910034","ȹ","Ӽ","","","o_s","v",0,0,0,0,0,0
32203,"691  ","6910014","ȹ","Ӽ","","","o_s","F꒬",0,0,0,0,0,0
32203,"691  ","6910011","ȹ","Ӽ","","","o_s","x",0,0,0,0,0,0
32203,"691  ","6910052","ȹ","Ӽ","","","o_s","ɒÒ",0,0,0,0,0,0
32203,"691  ","6910074","ȹ","Ӽ","޶","","o_s","",0,0,0,0,0,0
32203,"693  ","6930031","ȹ","Ӽ","","","o_s","Îu",0,0,0,0,0,0
32203,"691  ","6910041","ȹ","Ӽ","","","o_s","Ò",0,0,0,0,0,0
32203,"69908","6990817","ȹ","Ӽ","خ","","o_s","Η˒",0,0,0,0,0,0
32203,"69908","6990816","ȹ","Ӽ","خ","","o_s","Η˒r",0,0,0,0,0,0
32203,"69908","6990811","ȹ","Ӽ","خ","","o_s","Η˒C",0,0,0,0,0,0
32203,"69908","6990813","ȹ","Ӽ","خ","","o_s","Η˒O",0,0,0,0,0,0
32203,"69908","6990814","ȹ","Ӽ","خޮ׸","","o_s","Η˒y",0,0,0,0,0,0
32203,"69908","6990812","ȹ","Ӽ","خ","","o_s","Η˒",0,0,0,0,0,0
32203,"69908","6990815","ȹ","Ӽ","خ","","o_s","Η˒",0,0,0,0,0,0
32203,"691  ","6910015","ȹ","Ӽ","޳","","o_s","",0,0,0,0,0,0
32203,"691  ","6910051","ȹ","Ӽ","","","o_s","Y",0,0,0,0,0,0
32203,"69305","6930501","ȹ","Ӽ","","","o_s","c",0,0,0,0,0,0
32203,"69305","6930504","ȹ","Ӽ","","","o_s","cC",0,0,0,0,0,0
32203,"69305","6930526","ȹ","Ӽ","ʼ","","o_s","c㋴g",0,0,0,0,0,0
32203,"69305","6930521","ȹ","Ӽ","","","o_s","cђ",0,0,0,0,0,0
32203,"69305","6930523","ȹ","Ӽ","","","o_s","cÖ",0,0,0,0,0,0
32203,"69305","6930525","ȹ","Ӽ","ʼ","","o_s","cg",0,0,0,0,0,0
32203,"69305","6930503","ȹ","Ӽ","","","o_s","c{",0,0,0,0,0,0
32203,"69305","6930524","ȹ","Ӽ","","","o_s","cÉ",0,0,0,0,0,0
32203,"69305","6930506","ȹ","Ӽ","","","o_s","c",0,0,0,0,0,0
32203,"69305","6930502","ȹ","Ӽ","","","o_s","cc",0,0,0,0,0,0
32203,"69305","6930512","ȹ","Ӽ","˶޼","","o_s","c",0,0,0,0,0,0
32203,"69305","6930522","ȹ","Ӽ","ĸ","","o_s","cEc",0,0,0,0,0,0
32203,"69305","6930511","ȹ","Ӽ","","","o_s","c",0,0,0,0,0,0
32203,"69305","6930505","ȹ","Ӽ","ּ","","o_s","cg",0,0,0,0,0,0
32203,"693  ","6930064","ȹ","Ӽ","Ķ","","o_s","",0,0,0,0,0,0
32203,"691  ","6910044","ȹ","Ӽ","","","o_s","Ò",0,0,0,0,0,0
32203,"691  ","6910004","ȹ","Ӽ","","","o_s","",0,0,0,0,0,0
32203,"693  ","6930032","ȹ","Ӽ","Ӻ","","o_s","Îu",0,0,0,0,0,0
32203,"693  ","6930046","ȹ","Ӽ","ֺ","","o_s","",0,0,0,0,0,0
32203,"693  ","6930006","ȹ","Ӽ","۴","","o_s","}",0,0,0,0,0,0
32203,"69908","6990822","ȹ","Ӽ","ݻ޲","","o_s","_",0,0,0,0,0,0
32203,"69908","6990825","ȹ","Ӽ","ݻ޲","","o_s","_V",0,0,0,0,0,0
32203,"693  ","6930042","ȹ","Ӽ","Ŀ","","o_s","O",0,0,0,0,0,0
32203,"691  ","6910076","ȹ","Ӽ","","","o_s","",0,0,0,0,0,0
32203,"69907","6990762","ȹ","Ӽ","","","o_s","ВL",0,0,0,0,0,0
32203,"69907","6990764","ȹ","Ӽ","ح","","o_s","ВF",0,0,0,0,0,0
32203,"69907","6990722","ȹ","Ӽ","׷","","o_s","Вkr",0,0,0,0,0,0
32203,"69907","6990702","ȹ","Ӽ","޷","","o_s","Вnzk",0,0,0,0,0,0
32203,"69907","6990751","ȹ","Ӽ","޷Ƽ","","o_s","Вnz",0,0,0,0,0,0
32203,"69907","6990701","ȹ","Ӽ","޷˶޼","","o_s","Вnz",0,0,0,0,0,0
32203,"69907","6990711","ȹ","Ӽ","޷","","o_s","Вnz",0,0,0,0,0,0
32203,"69907","6990761","ȹ","Ӽ","޳","","o_s","ВY",0,0,0,0,0,0
32203,"69907","6990721","ȹ","Ӽ","","","o_s","ВC",0,0,0,0,0,0
32203,"69907","6990741","ȹ","Ӽ","Ŷ׷","","o_s","Вr",0,0,0,0,0,0
32203,"69907","6990732","ȹ","Ӽ","ƭ","","o_s","В",0,0,0,0,0,0
32203,"69907","6990733","ȹ","Ӽ","˼","","o_s","ВH",0,0,0,0,0,0
32203,"69907","6990763","ȹ","Ӽ","л","","o_s","В",0,0,0,0,0,0
32203,"69907","6990731","ȹ","Ӽ","ֳ","","o_s","Вꡊ",0,0,0,0,0,0
32203,"693  ","6930066","ȹ","Ӽ","","","o_s","",0,0,0,0,0,0
32203,"693  ","6930053","ȹ","Ӽ","","","o_s","",0,0,0,0,0,0
32203,"69909","6990905","ȹ","Ӽ","","","o_s","꒬cV",0,0,0,0,0,0
32203,"69909","6990903","ȹ","Ӽ","","","o_s","꒬c",0,0,0,0,0,0
32203,"69909","6990906","ȹ","Ӽ","","","o_s","꒬_",0,0,0,0,0,0
32203,"69909","6990904","ȹ","Ӽ","","","o_s","꒬cV",0,0,0,0,0,0
32203,"69909","6990901","ȹ","Ӽ","","","o_s","꒬v",0,0,0,0,0,0
32203,"69909","6990902","ȹ","Ӽ","","","o_s","꒬",0,0,0,0,0,0
32203,"691  ","6910062","ȹ","Ӽ","","","o_s","vJ",0,0,0,0,0,0
32203,"691  ","6910061","ȹ","Ӽ","","","o_s","v",0,0,0,0,0,0
32203,"693  ","6930014","ȹ","Ӽ","","","o_s","u",0,0,0,0,0,0
32203,"693  ","6930033","ȹ","Ӽ","","","o_s","m{",0,0,0,0,0,0
32203,"691  ","6910071","ȹ","Ӽ","޳","","o_s","n",0,0,0,0,0,0
32203,"693  ","6930029","ȹ","Ӽ","·ϼ","","o_s","zRV",0,0,0,0,0,0
32203,"693  ","6930057","ȹ","Ӽ","","","o_s","폼",0,0,0,0,0,0
32203,"693  ","6930005","ȹ","Ӽ","ݼ","","o_s","V_",0,0,0,0,0,0
32203,"691  ","6910065","ȹ","Ӽ","ĳ޳","","o_s","",0,0,0,0,0,0
32203,"691  ","6910031","ȹ","Ӽ","ĳ̸","","o_s","",0,0,0,0,0,0
32203,"69302","6930214","ȹ","Ӽ","ĺ","","o_s","",0,0,0,0,0,0
32203,"693  ","6930062","ȹ","Ӽ","Ŷ","","o_s","쒬",0,0,0,0,0,0
32203,"693  ","6930081","ȹ","Ӽ","Ŷη","","o_s","ۖk",0,0,1,0,0,0
32203,"693  ","6930082","ȹ","Ӽ","Ŷ","","o_s","ۓ",0,0,1,0,0,0
32203,"693  ","6930043","ȹ","Ӽ","Ŷ","","o_s","l",0,0,0,0,0,0
32203,"691  ","6910003","ȹ","Ӽ","","","o_s","啪",0,0,0,0,0,0
32203,"69908","6990824","ȹ","Ӽ","Ƽݻ޲","","o_s","_",0,0,0,0,0,0
32203,"693  ","6930037","ȹ","Ӽ","Ƽ","","o_s","V",0,0,1,0,0,0
32203,"693  ","6930041","ȹ","Ӽ","Ƽ","","o_s","",0,0,0,0,0,0
32203,"691  ","6910012","ȹ","Ӽ","Ƽ޲","","o_s","㒬",0,0,0,0,0,0
32203,"69301","6930102","ȹ","Ӽ","Ƽ","","o_s","J",0,0,0,0,0,0
32203,"693  ","6930073","ȹ","Ӽ","ƼԼ","","o_s","іؒ",0,0,0,0,0,0
32203,"691  ","6910002","ȹ","Ӽ","Ƽ","","o_s","c",0,0,0,0,0,0
32203,"691  ","6910066","ȹ","Ӽ","ɲ","","o_s","ΒJ",0,0,0,0,0,0
32203,"691  ","6910072","ȹ","Ӽ","ɻ","","o_s","싽",0,0,0,0,0,0
32203,"69301","6930103","ȹ","Ӽ","ɼ","","o_s","K",0,0,0,0,0,0
32203,"693  ","6930054","ȹ","Ӽ","","","o_s","l",0,0,0,0,0,0
32203,"69301","6930104","ȹ","Ӽ","˴","","o_s","B",0,0,0,0,0,0
32203,"69908","6990823","ȹ","Ӽ","˶޼ݻ޲","","o_s","_",0,0,0,0,0,0
32203,"693  ","6930045","ȹ","Ӽ","˶޼","","o_s","",0,0,0,0,0,0
32203,"693  ","6930074","ȹ","Ӽ","˶޼Լ","","o_s","іؒ",0,0,0,0,0,0
32203,"69906","6990615","ȹ","Ӽ","˶","","o_s","쒬",0,0,0,0,0,0
32203,"69906","6990611","ȹ","Ӽ","˶","","o_s","쒬{",0,0,0,0,0,0
32203,"69906","6990644","ȹ","Ӽ","˶ϻ޲","","o_s","쒬݉",0,0,0,0,0,0
32203,"69905","6990551","ȹ","Ӽ","˶ɽ","","o_s","쒬F",0,0,0,0,0,0
32203,"69905","6990501","ȹ","Ӽ","˶޸ĳ","","o_s","쒬w",0,0,0,0,0,0
32203,"69905","6990505","ȹ","Ӽ","˶м","","o_s","쒬㏯",0,0,0,0,0,0
32203,"69906","6990624","ȹ","Ӽ","˶ŵ","","o_s","쒬㒼]",0,0,0,0,0,0
32203,"69905","6990503","ȹ","Ӽ","˶","","o_s","쒬_",0,0,0,0,0,0
32203,"69906","6990613","ȹ","Ӽ","˶","","o_s","쒬_X",0,0,0,0,0,0
32203,"69906","6990614","ȹ","Ӽ","˶޲","","o_s","쒬@",0,0,0,0,0,0
32203,"69905","6990553","ȹ","Ӽ","˶","","o_s","쒬",0,0,0,0,0,0
32203,"69905","6990555","ȹ","Ӽ","˶","","o_s","쒬c",0,0,0,0,0,0
32203,"69905","6990554","ȹ","Ӽ","˶޲","","o_s","쒬Os",0,0,0,0,0,0
32203,"69906","6990612","ȹ","Ӽ","˶","","o_s","쒬o",0,0,0,0,0,0
32203,"69905","6990502","ȹ","Ӽ","˶","","o_s","쒬",0,0,0,0,0,0
32203,"69906","6990621","ȹ","Ӽ","˶","","o_s","쒬x",0,0,0,0,0,0
32203,"69906","6990623","ȹ","Ӽ","˶ز","","o_s","쒬",0,0,0,0,0,0
32203,"69906","6990631","ȹ","Ӽ","˶ŵ","","o_s","쒬]",0,0,0,0,0,0
32203,"69905","6990552","ȹ","Ӽ","˶Ŷɽ","","o_s","쒬F",0,0,0,0,0,0
32203,"69906","6990622","ȹ","Ӽ","˶ż","","o_s","쒬",0,0,0,0,0,0
32203,"69906","6990643","ȹ","Ӽ","˶׼","","o_s","쒬",0,0,0,0,0,0
32203,"69906","6990642","ȹ","Ӽ","˶̸","","o_s","쒬x",0,0,0,0,0,0
32203,"69905","6990504","ȹ","Ӽ","˶¶","","o_s","쒬O",0,0,0,0,0,0
32203,"69906","6990641","ȹ","Ӽ","˶","","o_s","쒬",0,0,0,0,0,0
32203,"693  ","6930068","ȹ","Ӽ","(1-4)","","o_s","PiP`Sځj",0,0,1,0,0,0
32203,"693  ","6930061","ȹ","Ӽ","","","o_s","P",0,0,0,0,0,0
32203,"691  ","6910001","ȹ","Ӽ","","","o_s","c",0,0,0,0,0,0
32203,"693  ","6930065","ȹ","Ӽ","","","o_s","쒬",0,0,0,0,0,0
32203,"69301","6930106","ȹ","Ӽ","","","o_s","DÒ",0,0,0,0,0,0
32203,"693  ","6930036","ȹ","Ӽ","Ͳ","","o_s","",0,0,0,0,0,0
32203,"691  ","6910022","ȹ","Ӽ","ޯ","","o_s","ʏ",0,0,0,0,0,0
32203,"691  ","6910032","ȹ","Ӽ","ݼޮ","","o_s","{",0,0,0,0,0,0
32203,"69302","6930211","ȹ","Ӽ","Ϸ","","o_s","nؖk",0,0,0,0,0,0
32203,"69302","6930212","ȹ","Ӽ","Ϸ","","o_s","nؒ",0,0,0,0,0,0
32203,"693  ","6930052","ȹ","Ӽ","ؼ","","o_s","񉺒",0,0,0,0,0,0
32203,"691  ","6910033","ȹ","Ӽ","","","o_s","c",0,0,0,0,0,0
32203,"691  ","6910013","ȹ","Ӽ","","","o_s","k",0,0,0,0,0,0
32203,"691  ","6910053","ȹ","Ӽ","","","o_s","OÒ",0,0,0,0,0,0
32203,"691  ","6910045","ȹ","Ӽ","","","o_s","ے",0,0,0,0,0,0
32203,"69302","6930215","ȹ","Ӽ","и","","o_s","Xv",0,0,0,0,0,0
32203,"693  ","6930055","ȹ","Ӽ","Լ","","o_s","",0,0,0,0,0,0
32203,"693  ","6930058","ȹ","Ӽ","","","o_s","쒬",0,0,0,0,0,0
32203,"693  ","6930067","ȹ","Ӽ","","","o_s","",0,0,0,0,0,0
32203,"691  ","6910073","ȹ","Ӽ","ּ","","o_s","쒬",0,0,0,0,0,0
32203,"691  ","6910075","ȹ","Ӽ","۸ݼ","","o_s","",0,0,0,0,0,0
32203,"693  ","6930004","ȹ","Ӽ","ʼ","","o_s","n",0,0,0,0,0,0
32204,"698  ","6980000","ȹ","Ͻ޼","ƹŲޱ","","vcs","ȉɌfڂȂꍇ",0,0,0,0,0,0
32204,"69936","6993672","ȹ","Ͻ޼","","","vcs","Ԋ咬",0,0,0,0,0,0
32204,"698  ","6980034","ȹ","Ͻ޼","","","vcs","ԏ钬",0,0,0,0,0,0
32204,"698  ","6980027","ȹ","Ͻ޼","˶޼","","vcs","ڂ̓",0,0,0,0,0,0
32204,"698  ","6980025","ȹ","Ͻ޼","Ƽ","","vcs","ڂ̐",0,0,0,0,0,0
32204,"698  ","6980026","ȹ","Ͻ޼","","","vcs","ڂ̖{",0,0,0,0,0,0
32204,"69822","6982253","ȹ","Ͻ޼","","","vcs","h",0,0,0,0,0,0
32204,"698  ","6980022","ȹ","Ͻ޼","ر","","vcs","L",0,0,0,0,0,0
32204,"69937","6993765","ȹ","Ͻ޼","","","vcs","Lc",0,0,0,0,0,0
32204,"698  ","6980037","ȹ","Ͻ޼","","","vcs","ѓc",0,0,0,0,0,0
32204,"69937","6993761","ȹ","Ͻ޼","ɳ","","vcs","щY",0,0,0,0,0,0
32204,"69821","6982142","ȹ","Ͻ޼","","","vcs","s",0,0,0,0,0,0
32204,"69951","6995123","ȹ","Ͻ޼","ɷ","","vcs","ؒJ",0,0,0,0,0,0
32204,"698  ","6980014","ȹ","Ͻ޼","ܸ","","vcs","q",0,0,0,0,0,0
32204,"698  ","6980051","ȹ","Ͻ޼","(и)","","vcs","ciΌ`j",1,0,0,0,0,0
32204,"69821","6982143","ȹ","Ͻ޼","()","","vcs","cȋj",1,0,0,0,0,0
32204,"69804","6980413","ȹ","Ͻ޼","","","vcs","nJ",0,0,0,0,0,0
32204,"69951","6995127","ȹ","Ͻ޼","·","","vcs","~",0,0,0,0,0,0
32204,"698  ","6980024","ȹ","Ͻ޼","ϴ","","vcs","wO",0,0,0,0,0,0
32204,"69936","6993674","ȹ","Ͻ޼","","","vcs","呐",0,0,0,0,0,0
32204,"698  ","6980012","ȹ","Ͻ޼","","","vcs","J",0,0,0,0,0,0
32204,"69936","6993675","ȹ","Ͻ޼","ĺ","","vcs","q",0,0,0,0,0,0
32204,"698  ","6980003","ȹ","Ͻ޼","ּ","","vcs","g",0,0,0,0,0,0
32204,"69822","6982252","ȹ","Ͻ޼","","","vcs","",0,0,0,0,0,0
32204,"69822","6982254","ȹ","Ͻ޼","","","vcs","j",0,0,0,0,0,0
32204,"69935","6993501","ȹ","Ͻ޼","","","vcs","R",0,0,0,0,0,0
32204,"69822","6982255","ȹ","Ͻ޼","и","","vcs","㍕J",0,0,0,0,0,0
32204,"698  ","6980045","ȹ","Ͻ޼","ӼϷ","","vcs","ܖk",0,0,0,0,0,0
32204,"698  ","6980047","ȹ","Ͻ޼","ӼƼ","","vcs","ܐ",0,0,0,0,0,0
32204,"698  ","6980046","ȹ","Ͻ޼","Ӽ˶޼","","vcs","ܓ",0,0,0,0,0,0
32204,"69821","6982145","ȹ","Ͻ޼","","","vcs","o",0,0,0,0,0,0
32204,"69951","6995133","ȹ","Ͻ޼","","","vcs","_c",0,0,0,0,0,0
32204,"69937","6993764","ȹ","Ͻ޼","","","vcs","숢풬",0,0,0,0,0,0
32204,"69935","6993502","ȹ","Ͻ޼","","","vcs","ؕ",0,0,0,0,0,0
32204,"698  ","6980013","ȹ","Ͻ޼","","","vcs","vXΒ",0,0,0,0,0,0
32204,"698  ","6980001","ȹ","Ͻ޼","","","vcs","v钬",0,0,0,0,0,0
32204,"69822","6982251","ȹ","Ͻ޼","۽","","vcs","",0,0,0,0,0,0
32204,"69937","6993762","ȹ","Ͻ޼","","","vcs","l",0,0,0,0,0,0
32204,"698  ","6980021","ȹ","Ͻ޼","ܲ","","vcs","K",0,0,0,0,0,0
32204,"698  ","6980035","ȹ","Ͻ޼","","","vcs","h",0,0,0,0,0,0
32204,"69935","6993503","ȹ","Ͻ޼","","","vcs","풬",0,0,0,0,0,0
32204,"69804","6980414","ȹ","Ͻ޼","","","vcs","gc",0,0,0,0,0,0
32204,"698  ","6980002","ȹ","Ͻ޼","ݺ޳","","vcs","{",0,0,0,0,0,0
32204,"698  ","6980007","ȹ","Ͻ޼","","","vcs","a",0,0,0,0,0,0
32204,"69951","6995125","ȹ","Ͻ޼","ײ","","vcs","⒬",0,0,0,0,0,0
32204,"69821","6982141","ȹ","Ͻ޼","׶","","vcs","㒬",0,0,0,0,0,0
32204,"698  ","6980036","ȹ","Ͻ޼","","","vcs","{q",0,0,0,0,0,0
32204,"69951","6995124","ȹ","Ͻ޼","","","vcs","",0,0,0,0,0,0
32204,"69951","6995126","ȹ","Ͻ޼","","","vcs","",0,0,0,0,0,0
32204,"698  ","6980011","ȹ","Ͻ޼","","","vcs","H",0,0,0,0,0,0
32204,"698  ","6980041","ȹ","Ͻ޼","","","vcs","",0,0,1,1,0,0
32204,"698  ","6980041","ȹ","Ͻ޼","","","vcs","Ò",0,0,0,1,0,0
32204,"698  ","6980031","ȹ","Ͻ޼","","","vcs","c",0,0,0,0,0,0
32204,"69935","6993504","ȹ","Ͻ޼","","","vcs","푺",0,0,0,0,0,0
32204,"69936","6993671","ȹ","Ͻ޼","","","vcs","Óc",0,0,0,0,0,0
32204,"69935","6993505","ȹ","Ͻ޼","","","vcs","yc",0,0,0,0,0,0
32204,"698  ","6980016","ȹ","Ͻ޼","޲","","vcs","y䒬",0,0,0,0,0,0
32204,"69936","6993676","ȹ","Ͻ޼","ĳ","","vcs","c",0,0,0,0,0,0
32204,"698  ","6980023","ȹ","Ͻ޼","ķ","","vcs","Ւ",0,0,0,0,0,0
32204,"69937","6993763","ȹ","Ͻ޼","","","vcs","˓c",0,0,0,0,0,0
32204,"698  ","6980015","ȹ","Ͻ޼","","","vcs","ȎR",0,0,0,0,0,0
32204,"69821","6982146","ȹ","Ͻ޼","Ŷ޳","","vcs","_",0,0,0,0,0,0
32204,"698  ","6980044","ȹ","Ͻ޼","Ŷ","","vcs","{",0,0,0,0,0,0
32204,"698  ","6980043","ȹ","Ͻ޼","Ŷɼ","","vcs","",0,0,0,0,0,0
32204,"698  ","6980042","ȹ","Ͻ޼","Ŷּ","","vcs","gc",0,0,0,0,0,0
32204,"69804","6980412","ȹ","Ͻ޼","Ŷ޻","","vcs","",0,0,0,0,0,0
32204,"698  ","6980017","ȹ","Ͻ޼","ŵ","","vcs","",0,0,0,0,0,0
32204,"69935","6993506","ȹ","Ͻ޼","Ƽ","","vcs","",0,0,0,0,0,0
32204,"69804","6980411","ȹ","Ͻ޼","","","vcs","gc",0,0,0,0,0,0
32204,"698  ","6980004","ȹ","Ͻ޼","˶޼","","vcs","",0,0,0,0,0,0
32204,"69812","6981223","ȹ","Ͻ޼","˷","","vcs","CΒJ",0,0,0,0,0,0
32204,"69812","6981213","ȹ","Ͻ޼","˷","","vcs","C",0,0,0,0,0,0
32204,"69812","6981212","ȹ","Ͻ޼","˷","","vcs","Cc",0,0,0,0,0,0
32204,"69812","6981221","ȹ","Ͻ޼","˷ж","","vcs","C",0,0,0,0,0,0
32204,"69812","6981211","ȹ","Ͻ޼","˷˷","","vcs","CC",0,0,0,0,0,0
32204,"69812","6981222","ȹ","Ͻ޼","˷۾","","vcs","CL",0,0,0,0,0,0
32204,"69812","6981201","ȹ","Ͻ޼","˷","","vcs","C",0,0,0,0,0,0
32204,"69951","6995121","ȹ","Ͻ޼","ض","","vcs","PR",0,0,0,0,0,0
32204,"69951","6995122","ȹ","Ͻ޼","","","vcs","{꒬",0,0,0,0,0,0
32204,"698  ","6980005","ȹ","Ͻ޼","","","vcs","{",0,0,0,0,0,0
32204,"698  ","6980032","ȹ","Ͻ޼","нܹ","","vcs","",0,0,0,0,0,0
32204,"69802","6980213","ȹ","Ͻ޼","","","vcs","sq",0,0,0,0,0,0
32204,"69802","6980201","ȹ","Ͻ޼","","","vcs","s",0,0,0,0,0,0
32204,"69802","6980202","ȹ","Ͻ޼","޶","","vcs","sFÐ",0,0,0,0,0,0
32204,"69802","6980206","ȹ","Ͻ޼","","","vcs","sv",0,0,0,0,0,0
32204,"69802","6980211","ȹ","Ͻ޼","","","vcs","s",0,0,0,0,0,0
32204,"69802","6980214","ȹ","Ͻ޼","","","vcs","sq",0,0,0,0,0,0
32204,"69802","6980212","ȹ","Ͻ޼","޳","","vcs","s哹",0,0,0,0,0,0
32204,"69802","6980203","ȹ","Ͻ޼","","","vcs","ss",0,0,0,0,0,0
32204,"69802","6980207","ȹ","Ͻ޼","","","vcs","sۖ",0,0,0,0,0,0
32204,"69802","6980205","ȹ","Ͻ޼","","","vcs","sOJ",0,0,0,0,0,0
32204,"69802","6980204","ȹ","Ͻ޼","","","vcs","sR{",0,0,0,0,0,0
32204,"69937","6993766","ȹ","Ͻ޼","ɼ","","vcs","Zn",0,0,0,0,0,0
32204,"698  ","6980006","ȹ","Ͻ޼","Թ","","vcs","O",0,0,0,0,0,0
32204,"69951","6995134","ȹ","Ͻ޼","Ѷֺ","","vcs","c",0,0,0,0,0,0
32204,"69821","6982144","ȹ","Ͻ޼","ѿ","","vcs","ǒ",0,0,0,0,0,0
32204,"698  ","6980033","ȹ","Ͻ޼","","","vcs","",0,0,0,0,0,0
32204,"69951","6995131","ȹ","Ͻ޼","Խ","","vcs","x",0,0,0,0,0,0
32204,"69936","6993673","ȹ","Ͻ޼","ϵ","","vcs","Rܒ",0,0,0,0,0,0
32204,"69951","6995132","ȹ","Ͻ޼","ֺ","","vcs","c",0,0,0,0,0,0
32205,"694  ","6940000","ȹ","޼","ƹŲޱ","","cs","ȉɌfڂȂꍇ",0,0,0,0,0,0
32205,"69922","6992213","ȹ","޼","","","cs","Rq",0,0,0,0,0,0
32205,"69922","6992212","ȹ","޼","","","cs","RR",0,0,0,0,0,0
32205,"694  ","6940035","ȹ","޼","","","cs","܏\Ғ",0,0,0,0,0,0
32205,"69404","6940433","ȹ","޼","","","cs","㒬",0,0,0,0,0,0
32205,"69404","6940432","ȹ","޼","Ʋ","","cs","㒬V",0,0,0,0,0,0
32205,"694  ","6940064","ȹ","޼","","","cs","cc",0,0,0,0,0,0
32205,"694  ","6940062","ȹ","޼","ɼ","","cs","c",0,0,0,0,0,0
32205,"694  ","6940063","ȹ","޼","ּŶ","","cs","cgi",0,0,0,0,0,0
32205,"69403","6940305","ȹ","޼","","","cs","X",0,0,0,0,0,0
32205,"694  ","6940033","ȹ","޼","","","cs","剮卑",0,0,0,0,0,0
32205,"694  ","6940034","ȹ","޼","","","cs","剮剮",0,0,0,0,0,0
32205,"694  ","6940032","ȹ","޼","","","cs","剮S",0,0,0,0,0,0
32205,"694  ","6940012","ȹ","޼","ܲ","","cs","썇E",0,0,0,0,0,0
32205,"694  ","6940011","ȹ","޼","ܲܲ","","cs","썇썇",0,0,0,0,0,0
32205,"694  ","6940013","ȹ","޼","ּܲŶ","","cs","썇gi",0,0,0,0,0,0
32205,"694  ","6940052","ȹ","޼","¶","","cs","v蒬h",0,0,0,0,0,0
32205,"694  ","6940051","ȹ","޼","Ƽ","","cs","v蒬g",0,0,0,0,0,0
32205,"694  ","6940022","ȹ","޼","","","cs","vs",0,0,0,0,0,0
32205,"694  ","6940024","ȹ","޼","","","cs","vv",0,0,0,0,0,0
32205,"694  ","6940023","ȹ","޼","","","cs","v",0,0,0,0,0,0
32205,"694  ","6940025","ȹ","޼","¼","","cs","v",0,0,0,0,0,0
32205,"694  ","6940021","ȹ","޼","շ","","cs","vsP",0,0,0,0,0,0
32205,"69402","6940223","ȹ","޼","","","cs","Orrc",0,0,0,0,0,0
32205,"69402","6940221","ȹ","޼","","","cs","OrR",0,0,0,0,0,0
32205,"69402","6940224","ȹ","޼","","","cs","Or",0,0,0,0,0,0
32205,"69402","6940222","ȹ","޼","޸","","cs","Oruw",0,0,0,0,0,0
32205,"694  ","6940003","ȹ","޼","","","cs","Or",0,0,0,0,0,0
32205,"694  ","6940004","ȹ","޼","ɼ","","cs","Or",0,0,0,0,0,0
32205,"694  ","6940031","ȹ","޼","","","cs","ÊԒ",0,0,0,0,0,0
32205,"69404","6940431","ȹ","޼","޷","","cs","c",0,0,0,0,0,0
32205,"69922","6992214","ȹ","޼","","","cs","xR_",0,0,0,0,0,0
32205,"69922","6992215","ȹ","޼","޶","","cs","xRˍ",0,0,0,0,0,0
32205,"694  ","6940061","ȹ","޼","Ŷ()","","cs","xRRiPj",1,0,0,0,0,0
32205,"69922","6992216","ȹ","޼","Ŷ()","","cs","xRRȋj",1,0,0,0,0,0
32205,"694  ","6940054","ȹ","޼","زز","","cs","䒬",0,0,0,0,0,0
32205,"694  ","6940053","ȹ","޼","زغ޴","","cs","䒬z",0,0,0,0,0,0
32205,"694  ","6940042","ȹ","޼","Ŷ˻","","cs","vp",0,0,0,0,0,0
32205,"694  ","6940044","ȹ","޼","Ŷ˻","","cs","vy]",0,0,0,0,0,0
32205,"694  ","6940041","ȹ","޼","Ŷ˻Ŷ˻","","cs","vv",0,0,0,0,0,0
32205,"694  ","6940043","ȹ","޼","Ŷ˻޻","","cs","v",0,0,0,0,0,0
32205,"69923","6992305","ȹ","޼","Ϻ޳","","cs","mV͓",0,0,0,0,0,0
32205,"69923","6992303","ȹ","޼","","","cs","m卑",0,0,0,0,0,0
32205,"69923","6992302","ȹ","޼","","","cs","m",0,0,0,0,0,0
32205,"69923","6992301","ȹ","޼","","","cs","mm",0,0,0,0,0,0
32205,"69923","6992304","ȹ","޼","ϼ","","cs","mnH",0,0,0,0,0,0
32205,"69922","6992211","ȹ","޼","","","cs","g",0,0,0,0,0,0
32205,"69403","6940301","ȹ","޼","Ŷ","","cs","㒬",0,0,0,0,0,0
32205,"69403","6940303","ȹ","޼","Ŷ·","","cs","㒬",0,0,0,0,0,0
32205,"69403","6940302","ȹ","޼","Ŷ̸","","cs","㒬",0,0,0,0,0,0
32205,"69403","6940304","ȹ","޼","Ŷи","","cs","㒬Ov{",0,0,0,0,0,0
32205,"694  ","6940001","ȹ","޼","ϸ","","cs","RÖ",0,0,0,0,0,0
32205,"694  ","6940002","ȹ","޼","ϸϸ","","cs","RR",0,0,0,0,0,0
32205,"69925","6992507","ȹ","޼","","","cs","Òc",0,0,0,0,0,0
32205,"69925","6992515","ȹ","޼","ϳ","","cs","ÒY",0,0,0,0,0,0
32205,"69925","6992505","ȹ","޼","","","cs","Òc",0,0,0,0,0,0
32205,"69925","6992504","ȹ","޼","","","cs","Ò",0,0,0,0,0,0
32205,"69925","6992513","ȹ","޼","","","cs","Ò㑺",0,0,0,0,0,0
32205,"69925","6992511","ȹ","޼","","","cs","Òl",0,0,0,0,0,0
32205,"69925","6992503","ȹ","޼","Ƽ","","cs","Òc",0,0,0,0,0,0
32205,"69925","6992512","ȹ","޼","","","cs","Òь",0,0,0,0,0,0
32205,"69925","6992506","ȹ","޼","̸","","cs","Òc",0,0,0,0,0,0
32205,"69925","6992514","ȹ","޼","̸","","cs","Ò",0,0,0,0,0,0
32205,"69925","6992502","ȹ","޼","ջ","","cs","Ò",0,0,0,0,0,0
32205,"69925","6992501","ȹ","޼","","","cs","Ò",0,0,0,0,0,0
32205,"69925","6992516","ȹ","޼","ּ","","cs","ÒgY",0,0,0,0,0,0
32206,"692  ","6920000","ȹ","Խ޼","ƹŲޱ","","s","ȉɌfڂȂꍇ",0,0,0,0,0,0
32206,"692  ","6920001","ȹ","Խ޼","","","s","ԍ]",0,0,0,0,0,0
32206,"692  ","6920052","ȹ","Խ޼","","","s","ԍ蒬",0,0,0,0,0,0
32206,"692  ","6920007","ȹ","Խ޼","׼","","s","r",0,0,0,0,0,0
32206,"692  ","6920066","ȹ","Խ޼","ż","","s","ї",0,0,0,0,0,0
32206,"692  ","6920055","ȹ","Խ޼","","","s","ѐ",0,0,0,0,0,0
32206,"692  ","6920015","ȹ","Խ޼","","","s","Ò",0,0,0,0,0,0
32206,"692  ","6920065","ȹ","Խ޼","","","s","M",0,0,0,0,0,0
32206,"692  ","6920063","ȹ","Խ޼","","","s","Ac",0,0,0,0,0,0
32206,"692  ","6920034","ȹ","Խ޼","","","s","Fꑑ",0,0,0,0,0,0
32206,"692  ","6920057","ȹ","Խ޼","ɼ","","s","bT",0,0,0,0,0,0
32206,"692  ","6920042","ȹ","Խ޼","¶","","s","˒",0,0,0,0,0,0
32206,"692  ","6920046","ȹ","Խ޼","ػ","","s","܍⒬",0,0,0,0,0,0
32206,"692  ","6920045","ȹ","Խ޼","","","s","`J",0,0,0,0,0,0
32206,"692  ","6920027","ȹ","Խ޼","޳","","s","吶",0,0,0,0,0,0
32206,"692  ","6920002","ȹ","Խ޼","л","","s","c",0,0,0,0,0,0
32206,"692  ","6920043","ȹ","Խ޼","ּ","","s","gc",0,0,0,0,0,0
32206,"692  ","6920071","ȹ","Խ޼","Ҽ","","s","T",0,0,0,0,0,0
32206,"692  ","6920075","ȹ","Խ޼","","","s","_뒬",0,0,0,0,0,0
32206,"692  ","6920026","ȹ","Խ޼","","","s","g",0,0,0,0,0,0
32206,"692  ","6920056","ȹ","Խ޼","ֲ","","s","䒬",0,0,0,0,0,0
32206,"692  ","6920035","ȹ","Խ޼","־","","s","",0,0,0,0,0,0
32206,"692  ","6920033","ȹ","Խ޼","н","","s","",0,0,0,0,0,0
32206,"692  ","6920051","ȹ","Խ޼","ڶ","","s","ؐ쒬",0,0,0,0,0,0
32206,"692  ","6920004","ȹ","Խ޼","","","s","v",0,0,0,0,0,0
32206,"692  ","6920032","ȹ","Խ޼","ɳ","","s","d",0,0,0,0,0,0
32206,"692  ","6920023","ȹ","Խ޼","۲","","s","c",0,0,0,0,0,0
32206,"692  ","6920031","ȹ","Խ޼","","","s","vے",0,0,0,0,0,0
32206,"692  ","6920062","ȹ","Խ޼","","","s","",0,0,0,0,0,0
32206,"692  ","6920053","ȹ","Խ޼","","","s","",0,0,0,0,0,0
32206,"692  ","6920028","ȹ","Խ޼","޶޵","","s","肪u",0,0,1,0,0,0
32206,"692  ","6920024","ȹ","Խ޼","","","s","c",0,0,0,0,0,0
32206,"692  ","6920017","ȹ","Խ޼","ӻ","","s","c",0,0,0,0,0,0
32206,"692  ","6920044","ȹ","Խ޼","ּ","","s","gc",0,0,0,0,0,0
32206,"692  ","6920021","ȹ","Խ޼","Ķ","","s","V\_",0,0,0,0,0,0
32206,"692  ","6920047","ȹ","Խ޼","","","s","c",0,0,0,0,0,0
32206,"692  ","6920067","ȹ","Խ޼","","","s","c",0,0,0,0,0,0
32206,"692  ","6920013","ȹ","Խ޼","·޶","","s","⒬",0,0,0,0,0,0
32206,"692  ","6920054","ȹ","Խ޼","ļ","","s","O",0,0,0,0,0,0
32206,"692  ","6920041","ȹ","Խ޼","ط","","s","ؒ",0,0,0,0,0,0
32206,"692  ","6920074","ȹ","Խ޼","Ŷ","","s","C",0,0,0,0,0,0
32206,"692  ","6920061","ȹ","Խ޼","Ŷ","","s","Ò",0,0,0,0,0,0
32206,"692  ","6920003","ȹ","Խ޼","Ƽ","","s","ԍ]",0,0,0,0,0,0
32206,"692  ","6920006","ȹ","Խ޼","Ƽ׼","","s","r",0,0,0,0,0,0
32206,"692  ","6920058","ȹ","Խ޼","Ƽɼ","","s","bT",0,0,0,0,0,0
32206,"692  ","6920077","ȹ","Խ޼","Ƽ²","","s","䒬",0,0,0,0,0,0
32206,"692  ","6920036","ȹ","Խ޼","ɶ","","s","",0,0,0,0,0,0
32206,"692  ","6920072","ȹ","Խ޼","ɷ","","s","\`",0,0,0,0,0,0
32206,"69203","6920321","ȹ","Խ޼","ʸ","","s","ԉ",0,0,0,0,0,0
32206,"69202","6920213","ȹ","Խ޼","ʸ","","s","K",0,0,0,0,0,0
32206,"69203","6920322","ȹ","Խ޼","ʸе޹","","s","㏬|",0,0,0,0,0,0
32206,"69203","6920325","ȹ","Խ޼","ʸмޭ","","s","\N",0,0,0,0,0,0
32206,"69203","6920324","ȹ","Խ޼","ʸ","","s","",0,0,0,0,0,0
32206,"69203","6920323","ȹ","Խ޼","ʸӵ޹","","s","|",0,0,0,0,0,0
32206,"69203","6920326","ȹ","Խ޼","ʸӼޭ","","s","\N",0,0,0,0,0,0
32206,"69202","6920214","ȹ","Խ޼","ʸ̸","","s","{Ry",0,0,0,0,0,0
32206,"69202","6920215","ȹ","Խ޼","ʸݼ","","s","]",0,0,0,0,0,0
32206,"69202","6920218","ȹ","Խ޼","ʸɳ","","s","V",0,0,0,0,0,0
32206,"69202","6920212","ȹ","Խ޼","ʸƼ","","s","ꗢ",0,0,0,0,0,0
32206,"69202","6920207","ȹ","Խ޼","ʸ˶޼","","s","ꗢ",0,0,0,0,0,0
32206,"69202","6920216","ȹ","Խ޼","ʸ","","s","",0,0,0,0,0,0
32206,"69202","6920203","ȹ","Խ޼","ʸɶ","","s","",0,0,0,0,0,0
32206,"69202","6920211","ȹ","Խ޼","ʸ","","s","ꗢ",0,0,0,0,0,0
32206,"69202","6920206","ȹ","Խ޼","ʸԽ","","s","c",0,0,0,0,0,0
32206,"69202","6920202","ȹ","Խ޼","ʸԽ޾","","s","c",0,0,0,0,0,0
32206,"69202","6920205","ȹ","Խ޼","ʸԽŶ","","s","c",0,0,0,0,0,0
32206,"69202","6920204","ȹ","Խ޼","ʸԽԳ","","s","c{",0,0,0,0,0,0
32206,"69202","6920201","ȹ","Խ޼","ʸԽ϶","","s","cR`",0,0,0,0,0,0
32206,"69202","6920217","ȹ","Խ޼","ʸֺ","","s","",0,0,0,0,0,0
32206,"692  ","6920014","ȹ","Խ޼","ʼ","","s","ѓ",0,0,0,0,0,0
32206,"692  ","6920016","ȹ","Խ޼","˶޼","","s","ԍ]",0,0,0,0,0,0
32206,"692  ","6920005","ȹ","Խ޼","˼","","s","",0,0,0,0,0,0
32206,"69204","6920401","ȹ","Խ޼","۾","","s","LΌ",0,0,0,0,0,0
32206,"69206","6920622","ȹ","Խ޼","۾","","s","LFg",0,0,0,0,0,0
32206,"69206","6920625","ȹ","Խ޼","۾","","s","Lc",0,0,0,0,0,0
32206,"69204","6920405","ȹ","Խ޼","۾","","s","LcJ",0,0,0,0,0,0
32206,"69207","6920732","ȹ","Խ޼","۾̸","","s","L",0,0,0,0,0,0
32206,"69204","6920413","ȹ","Խ޼","۾ϻ","","s","LR",0,0,0,0,0,0
32206,"69204","6920412","ȹ","Խ޼","۾ϻ","","s","LR",0,0,0,0,0,0
32206,"69204","6920411","ȹ","Խ޼","۾()","","s","Licj",1,0,0,0,0,0
32206,"69206","6920621","ȹ","Խ޼","۾()","","s","Lȋj",1,0,0,0,0,0
32206,"69204","6920403","ȹ","Խ޼","۾","","s","Lxc",0,0,0,0,0,0
32206,"69206","6920624","ȹ","Խ޼","۾Ƽ","","s","LJ",0,0,0,0,0,0
32206,"69207","6920731","ȹ","Խ޼","۾Ƽ","","s","Lc",0,0,0,0,0,0
32206,"69207","6920733","ȹ","Խ޼","۾˶޼","","s","Lc",0,0,0,0,0,0
32206,"69204","6920404","ȹ","Խ޼","۾۾","","s","LL",0,0,0,0,0,0
32206,"69206","6920623","ȹ","Խ޼","۾","","s","Lz",0,0,0,0,0,0
32206,"69204","6920402","ȹ","Խ޼","۾","","s","L",0,0,0,0,0,0
32206,"692  ","6920064","ȹ","Խ޼","ٶ","","s","Ð쒬",0,0,0,0,0,0
32206,"692  ","6920025","ȹ","Խ޼","˼","","s","",0,0,0,0,0,0
32206,"692  ","6920022","ȹ","Խ޼","Ķ","","s","\_",0,0,0,0,0,0
32206,"692  ","6920012","ȹ","Խ޼","Գ","","s","{",0,0,0,0,0,0
32206,"692  ","6920011","ȹ","Խ޼","Խ","","s","",0,0,0,0,0,0
32206,"692  ","6920073","ȹ","Խ޼","","","s","c",0,0,0,0,0,0
32206,"692  ","6920037","ȹ","Խ޼","ּ","","s","g",0,0,0,0,0,0
32207,"695  ","6950000","ȹ","޳¼","ƹŲޱ","","]Îs","ȉɌfڂȂꍇ",0,0,0,0,0,0
32207,"695  ","6950002","ȹ","޳¼","","","]Îs","󗘒",0,0,0,0,0,0
32207,"69501","6950152","ȹ","޳¼","Ĳ","","]Îs","Վs",0,0,0,0,0,0
32207,"69501","6950156","ȹ","޳¼","̸ݾ","","]Îs","L",0,0,0,0,0,0
32207,"69501","6950155","ȹ","޳¼","̸ݾЮ","","]Îs","L򒬖{",0,0,0,0,0,0
32207,"69501","6950154","ȹ","޳¼","","","]Îs","",0,0,0,0,0,0
32207,"69928","6992841","ȹ","޳¼","ۼ","","]Îs","n",0,0,0,0,0,0
32207,"69931","6993162","ȹ","޳¼","Զ","","]Îs","h쒬",0,0,0,0,0,0
32207,"695  ","6950016","ȹ","޳¼","","","]Îs","Ëvu",0,0,0,0,0,0
32207,"695  ","6950012","ȹ","޳¼","","","]Îs","c",0,0,0,0,0,0
32207,"695  ","6950014","ȹ","޳¼","","","]Îs","약c",0,0,0,0,0,0
32207,"695  ","6950013","ȹ","޳¼","ж","","]Îs","약",0,0,0,0,0,0
32207,"69928","6992831","ȹ","޳¼","","","]Îs","",0,0,0,0,0,0
32207,"695  ","6950011","ȹ","޳¼","޳","","]Îs","]Ò",0,0,0,0,0,0
32207,"69942","6994221","ȹ","޳¼","״","","]Îs","]sR",0,0,0,0,0,0
32207,"69942","6994222","ȹ","޳¼","״","","]Îs","]c",0,0,0,0,0,0
32207,"69942","6994223","ȹ","޳¼","״","","]Îs","]R",0,0,0,0,0,0
32207,"69942","6994224","ȹ","޳¼","״ɵ","","]Îs","]]",0,0,0,0,0,0
32207,"69945","6994504","ȹ","޳¼","״Ƿ","","]Îs","]",0,0,0,0,0,0
32207,"69942","6994225","ȹ","޳¼","״","","]Îs","]c",0,0,0,0,0,0
32207,"69945","6994502","ȹ","޳¼","״ܺ޴","","]Îs","]z",0,0,0,0,0,0
32207,"69942","6994226","ȹ","޳¼","״","","]Îs","]",0,0,0,0,0,0
32207,"69945","6994505","ȹ","޳¼","״","","]Îs","]{",0,0,0,0,0,0
32207,"69945","6994501","ȹ","޳¼","״","","]Îs","]",0,0,0,0,0,0
32207,"69945","6994503","ȹ","޳¼","״","","]Îs","]c",0,0,0,0,0,0
32207,"69941","6994111","ȹ","޳¼","״Ƽޭ޳","","]Îs","]JZ",0,0,0,0,0,0
32207,"69944","6994431","ȹ","޳¼","״Ŷ","","]Îs","]J",0,0,0,0,0,0
32207,"69944","6994432","ȹ","޳¼","״","","]Îs","]",0,0,0,0,0,0
32207,"695  ","6950015","ȹ","޳¼","μ","","]Îs","̐",0,0,0,0,0,0
32207,"69501","6950153","ȹ","޳¼","","","]Îs","",0,0,0,0,0,0
32207,"69501","6950151","ȹ","޳¼","","","]Îs","c",0,0,0,0,0,0
32207,"69928","6992842","ȹ","޳¼","","","]Îs","s",0,0,0,0,0,0
32207,"695  ","6950021","ȹ","޳¼","","","]Îs","sÒ",0,0,0,0,0,0
32207,"695  ","6950023","ȹ","޳¼","","","]Îs","{_",0,0,0,0,0,0
32207,"695  ","6950024","ȹ","޳¼","Ǽ","","]Îs","{_",0,0,0,0,0,0
32207,"695  ","6950022","ȹ","޳¼","ʼ","","]Îs","{H",0,0,0,0,0,0
32207,"69931","6993161","ȹ","޳¼","ʼ","","]Îs","gq",0,0,0,0,0,0
32207,"69928","6992833","ȹ","޳¼","ݺ޳","","]Îs","gϒ{",0,0,0,0,0,0
32207,"69928","6992834","ȹ","޳¼","","","]Îs","gϒ",0,0,0,0,0,0
32207,"69928","6992832","ȹ","޳¼","","","]Îs","gϒk",0,0,0,0,0,0
32207,"695  ","6950004","ȹ","޳¼","¶","","]Îs","쒬s",0,0,0,0,0,0
32207,"695  ","6950007","ȹ","޳¼","¶","","]Îs","쒬c",0,0,0,0,0,0
32207,"69928","6992837","ȹ","޳¼","¶ж","","]Îs","쒬͌",0,0,0,0,0,0
32207,"695  ","6950003","ȹ","޳¼","¶Ӷ","","]Îs","쒬͌",0,0,0,0,0,0
32207,"69928","6992835","ȹ","޳¼","¶޲","","]Îs","쒬È",0,0,0,0,0,0
32207,"695  ","6950005","ȹ","޳¼","¶Ŷ","","]Îs","쒬",0,0,0,0,0,0
32207,"69928","6992836","ȹ","޳¼","¶","","]Îs","쒬c",0,0,0,0,0,0
32207,"695  ","6950006","ȹ","޳¼","¶Զ","","]Îs","쒬_",0,0,0,0,0,0
32207,"695  ","6950017","ȹ","޳¼","ܷ","","]Îs","aؒ",0,0,0,0,0,0
32207,"695  ","6950001","ȹ","޳¼","","","]Îs","nÒ",0,0,0,0,0,0
32209,"69024","6902400","ȹ","ݼ","ƹŲޱ","","_s","ȉɌfڂȂꍇ",0,0,0,0,0,0
32209,"69027","6902704","ȹ","ݼ","","","_s","|",0,0,0,0,0,0
32209,"69027","6902702","ȹ","ݼ","","","_s","|",0,0,0,0,0,0
32209,"69027","6902701","ȹ","ݼ","","","_s","||",0,0,0,0,0,0
32209,"69027","6902706","ȹ","ݼ","","","_s","|",0,0,0,0,0,0
32209,"69027","6902703","ȹ","ݼ","","","_s","|g",0,0,0,0,0,0
32209,"69027","6902705","ȹ","ݼ","¶","","_s","|}",0,0,0,0,0,0
32209,"69911","6991114","ȹ","ݼ","ɵ","","_s","Β",0,0,0,0,0,0
32209,"69911","6991115","ȹ","ݼ","ܸ","","_s","Βq",0,0,0,0,0,0
32209,"69911","6991105","ȹ","ݼ","","","_s","ΒF",0,0,0,0,0,0
32209,"69911","6991125","ȹ","ݼ","","","_s","Β",0,0,0,0,0,0
32209,"69911","6991123","ȹ","ݼ","","","_s","Β|",0,0,0,0,0,0
32209,"69911","6991106","ȹ","ݼ","Ŷ","","_s","ΒΒ",0,0,0,0,0,0
32209,"69911","6991121","ȹ","ݼ","","","_s","Β_",0,0,0,0,0,0
32209,"69911","6991112","ȹ","ݼ","ݸ޳","","_s","ΒV{",0,0,0,0,0,0
32209,"69911","6991111","ȹ","ݼ","ź","","_s","Βq",0,0,0,0,0,0
32209,"69911","6991101","ȹ","ݼ","޲","","_s","Β吼",0,0,0,0,0,0
32209,"69911","6991102","ȹ","ݼ","","","_s","Β",0,0,0,0,0,0
32209,"69911","6991103","ȹ","ݼ","","","_s","Βߏ",0,0,0,0,0,0
32209,"69911","6991124","ȹ","ݼ","","","_s","Β",0,0,0,0,0,0
32209,"69911","6991113","ȹ","ݼ","˶޼","","_s","ΒJ",0,0,0,0,0,0
32209,"69911","6991122","ȹ","ݼ","м","","_s","ΒO",0,0,0,0,0,0
32209,"69911","6991104","ȹ","ݼ","ж","","_s","Β",0,0,0,0,0,0
32209,"69913","6991321","ȹ","ݼ","","","_s","؎FJ",0,0,0,0,0,0
32209,"69913","6991331","ȹ","ݼ","и","","_s","؎FJ",0,0,0,0,0,0
32209,"69913","6991332","ȹ","ݼ","","","_s","؎؎",0,0,0,0,0,0
32209,"69914","6991401","ȹ","ݼ","()","","_s","؎kij",1,0,0,0,0,0
32209,"69913","6991341","ȹ","ݼ","()","","_s","؎kȋj",1,0,0,0,0,0
32209,"69913","6991311","ȹ","ݼ","Ķ","","_s","؎",0,0,0,0,0,0
32209,"69913","6991333","ȹ","ݼ","Ӹ","","_s","؎FJ",0,0,0,0,0,0
32209,"69913","6991322","ȹ","ݼ","خ","","_s","؎",0,0,0,0,0,0
32209,"69913","6991334","ȹ","ݼ","ݲ","","_s","؎Vs",0,0,0,0,0,0
32209,"69913","6991324","ȹ","ݼ","Ƽ","","_s","؎o",0,0,0,0,0,0
32209,"69913","6991323","ȹ","ݼ","˶޼","","_s","؎o",0,0,0,0,0,0
32209,"69913","6991342","ȹ","ݼ","","","_s","؎c",0,0,0,0,0,0
32209,"69913","6991312","ȹ","ݼ","϶","","_s","؎R",0,0,0,0,0,0
32209,"69913","6991343","ȹ","ݼ","","","_s","؎",0,0,0,0,0,0
32209,"69912","6991221","ȹ","ݼ","޲ĳ","","_s","哌ѓc",0,0,0,1,0,0
32209,"69912","6991231","ȹ","ݼ","޲ĳݼޮ","","_s","哌",0,0,0,0,0,0
32209,"69912","6991213","ȹ","ݼ","޲ĳ","","_s","哌PJ",0,0,0,0,0,0
32209,"69912","6991221","ȹ","ݼ","޲ĳ","","_s","哌",0,0,0,1,0,0
32209,"69912","6991201","ȹ","ݼ","޲ĳܳ","","_s","哌͓",0,0,0,0,0,0
32209,"69912","6991261","ȹ","ݼ","޲ĳ","","_s","哌",0,0,0,0,0,0
32209,"69912","6991211","ȹ","ݼ","޲ĳи","","_s","哌v",0,0,0,0,0,0
32209,"69912","6991214","ȹ","ݼ","޲ĳл","","_s","哌㍲",0,0,0,0,0,0
32209,"69912","6991202","ȹ","ݼ","޲ĳ","","_s","哌",0,0,0,0,0,0
32209,"69912","6991222","ȹ","ݼ","޲ĳܲ","","_s","哌",0,0,0,0,0,0
32209,"69912","6991203","ȹ","ݼ","޲ĳ","","_s","哌k",0,0,0,0,0,0
32209,"69912","6991204","ȹ","ݼ","޲ĳӻ","","_s","哌EV",0,0,0,0,0,0
32209,"69912","6991241","ȹ","ݼ","޲ĳɳ","","_s","哌R",0,0,0,0,0,0
32209,"69912","6991262","ȹ","ݼ","޲ĳ","","_s","哌c",0,0,0,0,0,0
32209,"69912","6991263","ȹ","ݼ","޲ĳ","","_s","哌",0,0,0,0,0,0
32209,"69912","6991223","ȹ","ݼ","޲ĳӱֳ","","_s","哌p",0,0,0,0,0,0
32209,"69912","6991212","ȹ","ݼ","޲ĳӸ","","_s","哌v",0,0,0,0,0,0
32209,"69912","6991215","ȹ","ݼ","޲ĳӻ","","_s","哌",0,0,0,0,0,0
32209,"69912","6991251","ȹ","ݼ","޲ĳݼޮ","","_s","哌V",0,0,0,1,0,0
32209,"69912","6991205","ȹ","ݼ","޲ĳ","","_s","哌{",0,0,0,0,0,0
32209,"69912","6991264","ȹ","ݼ","޲ĳ","","_s","哌c",0,0,0,0,0,0
32209,"69912","6991251","ȹ","ݼ","޲ĳ޲ĳ","","_s","哌哌",0,0,0,1,0,0
32209,"69912","6991242","ȹ","ݼ","޲ĳ޲ĳ","","_s","哌哌",0,0,0,0,0,0
32209,"69912","6991252","ȹ","ݼ","޲ĳŶ","","_s","哌c",0,0,0,0,0,0
32209,"69912","6991253","ȹ","ݼ","޲ĳŶղ","","_s","哌",0,0,0,0,0,0
32209,"69912","6991216","ȹ","ݼ","޲ĳƼֳ","","_s","哌p",0,0,0,0,0,0
32209,"69912","6991232","ȹ","ݼ","޲ĳż","","_s","哌ma",0,0,0,0,0,0
32209,"69912","6991243","ȹ","ݼ","޲ĳ","","_s","哌J",0,0,0,0,0,0
32209,"69912","6991233","ȹ","ݼ","޲ĳ","","_s","哌",0,0,0,0,0,0
32209,"69912","6991224","ȹ","ݼ","޲ĳ˶޼ֳ","","_s","哌p",0,0,0,0,0,0
32209,"69912","6991234","ȹ","ݼ","޲ĳϴ","","_s","哌O",0,0,0,0,0,0
32209,"69912","6991206","ȹ","ݼ","޲ĳ","","_s","哌쑺",0,0,0,0,0,0
32209,"69912","6991244","ȹ","ݼ","޲ĳ","","_s","哌Rc",0,0,0,0,0,0
32209,"69912","6991245","ȹ","ݼ","޲ĳֳ","","_s","哌{",0,0,0,0,0,0
32209,"69025","6902513","ȹ","ݼ","","","_s","OJ",0,0,0,0,0,0
32209,"69024","6902401","ȹ","ݼ","","","_s","OɊ",0,0,0,0,0,0
32209,"69026","6902634","ȹ","ݼ","¶","","_s","O{",0,0,0,0,0,0
32209,"69025","6902511","ȹ","ݼ","и","","_s","OFJ",0,0,0,0,0,0
32209,"69024","6902402","ȹ","ݼ","","","_s","O",0,0,0,0,0,0
32209,"69025","6902521","ȹ","ݼ","","","_s","O_",0,0,0,0,0,0
32209,"69024","6902405","ȹ","ݼ","ޮ","","_s","OÏ",0,0,0,0,0,0
32209,"69025","6902525","ȹ","ݼ","()","","_s","O{iXJj",1,0,0,0,0,0
32209,"69026","6902625","ȹ","ݼ","()","","_s","O{ȋj",1,0,0,0,0,0
32209,"69026","6902632","ȹ","ݼ","޳","","_s","OV",0,0,0,0,0,0
32209,"69024","6902403","ȹ","ݼ","Ӹ","","_s","OFJ",0,0,0,0,0,0
32209,"69025","6902524","ȹ","ݼ","","","_s","O{",0,0,0,0,0,0
32209,"69024","6902406","ȹ","ݼ","","","_s","OE",0,0,0,0,0,0
32209,"69025","6902512","ȹ","ݼ","","","_s","Ova",0,0,0,0,0,0
32209,"69026","6902633","ȹ","ݼ","ɺ޳","","_s","Oa͓",0,0,0,0,0,0
32209,"69025","6902523","ȹ","ݼ","Ŷ","","_s","O",0,0,0,0,0,0
32209,"69026","6902631","ȹ","ݼ","ޯ","","_s","Ogʏ",0,0,0,0,0,0
32209,"69024","6902404","ȹ","ݼ","","","_s","OO",0,0,0,0,0,0
32209,"69025","6902522","ȹ","ݼ","Ѵ","","_s","OZd",0,0,0,0,0,0
32209,"69023","6902311","ȹ","ݼ","ּ","","_s","gcR",0,0,0,0,0,0
32209,"69023","6902314","ȹ","ݼ","ּ","","_s","gc",0,0,0,0,0,0
32209,"69023","6902312","ȹ","ݼ","ּ","","_s","gc]",0,0,0,0,0,0
32209,"69023","6902313","ȹ","ݼ","̶ּ","","_s","gc[",0,0,0,0,0,0
32209,"69028","6902802","ȹ","ݼ","ּ","","_s","gcJ",0,0,0,0,0,0
32209,"69028","6902801","ȹ","ݼ","ּּ","","_s","gcgc",0,0,0,0,0,0
32343,"69915","6991500","ȹ","ݵ","ƹŲޱ","","mSo_","ȉɌfڂȂꍇ",0,0,0,0,0,0
32343,"69918","6991821","ȹ","ݵ","","","mSo_","",0,0,0,0,0,0
32343,"69918","6991812","ȹ","ݵ","","","mSo_","J",0,0,0,0,0,0
32343,"69919","6991941","ȹ","ݵ","Ϸ","","mSo_","n",0,0,0,0,0,0
32343,"69918","6991802","ȹ","ݵ","","","mSo_","C",0,0,0,0,0,0
32343,"69916","6991621","ȹ","ݵ","б","","mSo_","㈢",0,0,0,0,0,0
32343,"69914","6991431","ȹ","ݵ","ĺ","","mSo_","O",0,0,0,0,0,0
32343,"69917","6991701","ȹ","ݵ","޹","","mSo_","T",0,0,0,0,0,0
32343,"69915","6991515","ȹ","ݵ","Ӹ","","mSo_","q",0,0,0,0,0,0
32343,"69915","6991514","ȹ","ݵ","","","mSo_","͓",0,0,0,0,0,0
32343,"69917","6991702","ȹ","ݵ","","","mSo_","S",0,0,0,0,0,0
32343,"69919","6991942","ȹ","ݵ","Ϸ","","mSo_","n",0,0,0,0,0,0
32343,"69914","6991434","ȹ","ݵ","","","mSo_","",0,0,0,0,0,0
32343,"69915","6991517","ȹ","ݵ","ӱ(ȼ)","","mSo_","iFHj",1,0,0,0,0,0
32343,"69916","6991622","ȹ","ݵ","ӱ()","","mSo_","ȋj",1,0,0,0,0,0
32343,"69918","6991822","ȹ","ݵ","ֺ","","mSo_","c",0,0,0,0,0,0
32343,"69915","6991512","ȹ","ݵ","","","mSo_","",0,0,0,0,0,0
32343,"69917","6991703","ȹ","ݵ","","","mSo_","c",0,0,0,0,0,0
32343,"69918","6991801","ȹ","ݵ","޷","","mSo_","|",0,0,0,0,0,0
32343,"69918","6991831","ȹ","ݵ","Ŷ","","mSo_","",0,0,0,0,0,0
32343,"69914","6991432","ȹ","ݵ","޾","","mSo_","ny",0,0,0,0,0,0
32343,"69915","6991513","ȹ","ݵ","л","","mSo_","O",0,0,0,0,0,0
32343,"69915","6991516","ȹ","ݵ","ĺ","","mSo_","O",0,0,0,0,0,0
32343,"69915","6991511","ȹ","ݵ","","","mSo_","O",0,0,0,0,0,0
32343,"69918","6991811","ȹ","ݵ","Զ","","mSo_","",0,0,0,0,0,0
32343,"69914","6991433","ȹ","ݵ","Լ","","mSo_","",0,0,0,0,0,0
32343,"69918","6991832","ȹ","ݵ","ֺ","","mSo_","c",0,0,0,0,0,0
32386,"69032","6903200","ȹ","ݲ","ƹŲޱ","","ѐΌSѓ쒬","ȉɌfڂȂꍇ",0,0,0,0,0,0
32386,"69035","6903511","ȹ","ݲ","","","ѐΌSѓ쒬","Ԗ",0,0,0,0,0,0
32386,"69035","6903514","ȹ","ݲ","","","ѐΌSѓ쒬","˒J",0,0,0,0,0,0
32386,"69034","6903403","ȹ","ݲ","","","ѐΌSѓ쒬","c",0,0,0,0,0,0
32386,"69035","6903512","ȹ","ݲ","б","","ѐΌSѓ쒬","Ԗ",0,0,0,0,0,0
32386,"69034","6903405","ȹ","ݲ","з","","ѐΌSѓ쒬","㗈",0,0,0,0,0,0
32386,"69032","6903204","ȹ","ݲ","","","ѐΌSѓ쒬","",0,0,0,0,0,0
32386,"69035","6903515","ȹ","ݲ","","","ѐΌSѓ쒬","J",0,0,0,0,0,0
32386,"69033","6903311","ȹ","ݲ","","","ѐΌSѓ쒬","q",0,0,0,0,0,0
32386,"69033","6903313","ȹ","ݲ","","","ѐΌSѓ쒬","uÌ",0,0,0,0,0,0
32386,"69035","6903513","ȹ","ݲ","ӱ","","ѐΌSѓ쒬","Ԗ",0,0,0,0,0,0
32386,"69034","6903402","ȹ","ݲ","ӷ","","ѐΌSѓ쒬","",0,0,0,0,0,0
32386,"69032","6903203","ȹ","ݲ","¶޶","","ѐΌSѓ쒬","s",0,0,0,0,0,0
32386,"69033","6903314","ȹ","ݲ","ɲ","","ѐΌSѓ쒬","p",0,0,0,0,0,0
32386,"69032","6903207","ȹ","ݲ","","","ѐΌSѓ쒬","ڌ",0,0,0,0,0,0
32386,"69032","6903205","ȹ","ݲ","Ŷ","","ѐΌSѓ쒬","J",0,0,0,0,0,0
32386,"69034","6903401","ȹ","ݲ","ɶ","","ѐΌSѓ쒬","슞",0,0,0,0,0,0
32386,"69033","6903312","ȹ","ݲ","ʶ","","ѐΌSѓ쒬","_",0,0,0,0,0,0
32386,"69035","6903516","ȹ","ݲ","","","ѐΌSѓ쒬","c",0,0,0,0,0,0
32386,"69032","6903206","ȹ","ݲ","Ÿ","","ѐΌSѓ쒬","ԌI",0,0,0,0,0,0
32386,"69034","6903404","ȹ","ݲ","Ϸ","","ѐΌSѓ쒬","^",0,0,0,0,0,0
32441,"696  ","6960000","ȹ","ݶ","ƹŲޱ","","WqS{","ȉɌfڂȂꍇ",0,0,0,0,0,0
32441,"696  ","6960003","ȹ","ݶ","","","WqS{","",0,0,0,0,0,0
32441,"696  ","6960011","ȹ","ݶ","ܳ","","WqS{","",0,0,0,0,0,0
32441,"696  ","6960004","ȹ","ݶ","ܸ","","WqS{","쉺",0,0,0,0,0,0
32441,"696  ","6960001","ȹ","ݶ","","","WqS{","{",0,0,0,0,0,0
32441,"69612","6961221","ȹ","ݶ","","","WqS{","k",0,0,0,0,0,0
32441,"696  ","6960006","ȹ","ݶ","","","WqS{","vm",0,0,0,0,0,0
32441,"696  ","6960012","ȹ","ݶ","","","WqS{","J",0,0,0,0,0,0
32441,"69612","6961226","ȹ","ݶ","","","WqS{","cE",0,0,0,0,0,0
32441,"696  ","6960007","ȹ","ݶ","","","WqS{","c",0,0,0,0,0,0
32441,"696  ","6960005","ȹ","ݶ","","","WqS{","J",0,0,0,0,0,0
32441,"696  ","6960002","ȹ","ݶ","¶շ","","WqS{","ss",0,0,0,0,0,0
32441,"696  ","6960013","ȹ","ݶ","","","WqS{","n쌴",0,0,0,0,0,0
32441,"69612","6961225","ȹ","ݶ","л","","WqS{","썲",0,0,0,0,0,0
32441,"69612","6961224","ȹ","ݶ","","","WqS{","O",0,0,0,0,0,0
32441,"69612","6961223","ȹ","ݶ","","","WqS{","O",0,0,0,0,0,0
32441,"69612","6961222","ȹ","ݶ","","","WqS{","J",0,0,0,0,0,0
32448,"69946","6994600","ȹ","л","ƹŲޱ","","WqS","ȉɌfڂȂꍇ",0,0,0,0,0,0
32448,"69946","6994624","ȹ","л","¶","","WqS","",0,0,0,0,0,0
32448,"69946","6994627","ȹ","л","޳","","WqS","ዽ",0,0,0,0,0,0
32448,"69947","6994715","ȹ","л","","","WqS","Ό",0,0,0,0,0,0
32448,"69607","6960701","ȹ","л","","","WqS","",0,0,0,0,0,0
32448,"69611","6961136","ȹ","л","","","WqS","c",0,0,0,0,0,0
32448,"69946","6994631","ȹ","л","","","WqS","R",0,0,0,0,0,0
32448,"69946","6994626","ȹ","л","","","WqS","",0,0,0,0,0,0
32448,"69946","6994621","ȹ","л","","","WqS","",0,0,0,0,0,0
32448,"69947","6994714","ȹ","л","","","WqS","ЎR",0,0,0,0,0,0
32448,"69611","6961137","ȹ","л","׶޲","","WqS","J",0,0,0,0,0,0
32448,"69947","6994702","ȹ","л","ж","","WqS","",0,0,0,0,0,0
32448,"69607","6960702","ȹ","л","","","WqS","",0,0,0,0,0,0
32448,"69947","6994707","ȹ","л","","","WqS","T",0,0,0,0,0,0
32448,"69611","6961141","ȹ","л","","","WqS","",0,0,0,0,0,0
32448,"69611","6961142","ȹ","л","","","WqS","v쌴",0,0,0,0,0,0
32448,"69946","6994622","ȹ","л","","","WqS","v",0,0,0,0,0,0
32448,"69947","6994703","ȹ","л","","","WqS","F",0,0,0,0,0,0
32448,"69947","6994712","ȹ","л","ɶ","","WqS","s",0,0,0,0,0,0
32448,"69611","6961144","ȹ","л","","","WqS","J",0,0,0,0,0,0
32448,"69611","6961133","ȹ","л","Լ","","WqS","",0,0,0,0,0,0
32448,"69611","6961135","ȹ","л","¼","","WqS","n",0,0,0,0,0,0
32448,"69947","6994713","ȹ","л","","","WqS","J",0,0,0,0,0,0
32448,"69947","6994704","ȹ","л","","","WqS","M",0,0,0,0,0,0
32448,"69611","6961132","ȹ","л","","","WqS","uN",0,0,0,0,0,0
32448,"69611","6961143","ȹ","л","ĳ","","WqS","n",0,0,0,0,0,0
32448,"69611","6961134","ȹ","л","","","WqS","yX",0,0,0,0,0,0
32448,"69946","6994632","ȹ","л","","","WqS","",0,0,0,0,0,0
32448,"69947","6994605","ȹ","л","","","WqS","R",0,0,0,0,0,0
32448,"69947","6994706","ȹ","л","","","WqS","ꌴ",0,0,0,0,0,0
32448,"69947","6994711","ȹ","л","","","WqS","猴",0,0,0,0,0,0
32448,"69607","6960703","ȹ","л","¶Ƽ","","WqS","sꐼ",0,0,0,0,0,0
32448,"69607","6960704","ȹ","л","¶ݺ޳","","WqS","s{",0,0,0,0,0,0
32448,"69607","6960705","ȹ","л","¶շ","","WqS","ss",0,0,0,0,0,0
32448,"69607","6960706","ȹ","л","Ŷĳ","","WqS","",0,0,0,0,0,0
32448,"69946","6994623","ȹ","л","ɲ","","WqS","",0,0,0,0,0,0
32448,"69947","6994701","ȹ","л","","","WqS","l",0,0,0,0,0,0
32448,"69604","6960712","ȹ","л","˼޷","","WqS","~",0,0,0,0,0,0
32448,"69611","6961131","ȹ","л","ޯ","","WqS","ʕ{",0,0,0,0,0,0
32448,"69611","6961145","ȹ","л","","","WqS","`",0,0,0,0,0,0
32448,"69604","6960711","ȹ","л","Գ","","WqS","{",0,0,0,0,0,0
32448,"69604","6960713","ȹ","л","ɺ޳","","WqS","V",0,0,0,0,0,0
32448,"69946","6994625","ȹ","л","ž","","WqS","ʐ",0,0,0,0,0,0
32448,"69946","6994633","ȹ","л","ն޶","","WqS","",0,0,0,0,0,0
32449,"69601","6960100","ȹ","ݵ","ƹŲޱ","","WqSW쒬","ȉɌfڂȂꍇ",0,0,0,0,0,0
32449,"69605","6960501","ȹ","ݵ","","","WqSW쒬","{",0,0,0,0,0,0
32449,"69603","6960312","ȹ","ݵ","","","WqSW쒬","oH",0,0,0,0,0,0
32449,"69706","6970631","ȹ","ݵ","","","WqSW쒬","s",0,0,0,0,0,0
32449,"69601","6960101","ȹ","ݵ","","","WqSW쒬","䌴",0,0,0,0,0,0
32449,"69605","6960504","ȹ","ݵ","ϲ","","WqSW쒬","",0,0,0,0,0,0
32449,"69603","6960314","ȹ","ݵ","","","WqSW쒬","≮",0,0,0,0,0,0
32449,"69606","6960601","ȹ","ݵ","","","WqSW쒬","c",0,0,0,0,0,0
32449,"69605","6960503","ȹ","ݵ","޲","","WqSW쒬","Fs",0,0,0,0,0,0
32449,"69603","6960315","ȹ","ݵ","Լ","","WqSW쒬","",0,0,0,0,0,0
32449,"69602","6960224","ȹ","ݵ","ж","","WqSW쒬","TJ",0,0,0,0,0,0
32449,"69606","6960602","ȹ","ݵ","и","","WqSW쒬","H",0,0,0,0,0,0
32449,"69602","6960225","ȹ","ݵ","޺","","WqSW쒬","c",0,0,0,0,0,0
32449,"69604","6960405","ȹ","ݵ","","","WqSW쒬","㌴",0,0,0,0,0,0
32449,"69605","6960502","ȹ","ݵ","","","WqSW쒬","ؐ{c",0,0,0,0,0,0
32449,"69603","6960316","ȹ","ݵ","","","WqSW쒬","v",0,0,0,0,0,0
32449,"69602","6960131","ȹ","ݵ","޲","","WqSW쒬","",0,0,0,0,0,0
32449,"69602","6960223","ȹ","ݵ","Ӷ","","WqSW쒬","TJ",0,0,0,0,0,0
32449,"69606","6960603","ȹ","ݵ","Ӹ","","WqSW쒬","H",0,0,0,0,0,0
32449,"69602","6960222","ȹ","ݵ","޺","","WqSW쒬","c",0,0,0,0,0,0
32449,"69604","6960406","ȹ","ݵ","","","WqSW쒬","",0,0,0,0,0,0
32449,"69605","6960505","ȹ","ݵ","Ķ޳","","WqSW쒬","ˉ͓",0,0,0,0,0,0
32449,"69601","6960102","ȹ","ݵ","Ŷ","","WqSW쒬","",0,0,0,0,0,0
32449,"69604","6960404","ȹ","ݵ","","","WqSW쒬","",0,0,0,0,0,0
32449,"69943","6994311","ȹ","ݵ","ǲ","","WqSW쒬","",0,0,0,0,0,0
32449,"69601","6960104","ȹ","ݵ","","","WqSW쒬","a",0,0,0,0,0,0
32449,"69604","6960402","ȹ","ݵ","̼","","WqSW쒬","J",0,0,0,0,0,0
32449,"69604","6960401","ȹ","ݵ","̾","","WqSW쒬","z{",0,0,0,0,0,0
32449,"69602","6960221","ȹ","ݵ","Ͻ","","WqSW쒬","",0,0,0,0,0,0
32449,"69603","6960311","ȹ","ݵ","Я","","WqSW쒬","Os",0,0,0,0,0,0
32449,"69604","6960407","ȹ","ݵ","Բ۲","","WqSW쒬","F",0,0,0,0,0,0
32449,"69601","6960103","ȹ","ݵ","Զ","","WqSW쒬","",0,0,0,0,0,0
32449,"69603","6960313","ȹ","ݵ","","","WqSW쒬","Rc",0,0,0,0,0,0
32449,"69605","6960506","ȹ","ݵ","շ","","WqSW쒬","c",0,0,0,0,0,0
32449,"69603","6960317","ȹ","ݵ","","","WqSW쒬","",0,0,0,0,0,0
32449,"69604","6960403","ȹ","ݵ","","","WqSW쒬","ac",0,0,0,0,0,0
32501,"69956","6995600","ȹ","ɱ","ƹŲޱ","","SØa쒬","ȉɌfڂȂꍇ",0,0,0,0,0,0
32501,"69952","6995211","ȹ","ɱ","","","SØa쒬","",0,0,0,0,0,0
32501,"69952","6995201","ȹ","ɱ","(929-11171343-1734)","","SØa쒬","liXQX`PPPVAPRSR`PVRSԒnj",0,0,0,0,0,0
32501,"69956","6995601","ȹ","ɱ","()","","SØa쒬","lȋj",0,0,0,0,0,0
32501,"69952","6995216","ȹ","ɱ","","","SØa쒬","r",0,0,0,0,0,0
32501,"69956","6995605","ȹ","ɱ","","","SØa쒬","c",0,0,0,0,0,0
32501,"69952","6995212","ȹ","ɱ","","","SØa쒬","͑",0,0,0,0,0,0
32501,"69956","6995607","ȹ","ɱ","","","SØa쒬","kc",0,0,0,0,0,0
32501,"69956","6995603","ȹ","ɱ","","","SØa쒬","R",0,0,0,0,0,0
32501,"69952","6995202","ȹ","ɱ","","","SØa쒬","",0,0,0,0,0,0
32501,"69952","6995204","ȹ","ɱ","","","SØa쒬","{",0,0,0,0,0,0
32501,"69952","6995203","ȹ","ɱ","ӳ","","SØa쒬","oP",0,0,0,0,0,0
32501,"69952","6995213","ȹ","ɱ","","","SØa쒬","YJ",0,0,0,0,0,0
32501,"69956","6995614","ȹ","ɱ","","","SØa쒬","",0,0,0,0,0,0
32501,"69952","6995205","ȹ","ɱ","","","SØa쒬","J",0,0,0,0,0,0
32501,"69952","6995206","ȹ","ɱ","","","SØa쒬","댳",0,0,0,0,0,0
32501,"69956","6995602","ȹ","ɱ","","","SØa쒬","n",0,0,0,0,0,0
32501,"69956","6995617","ȹ","ɱ","","","SØa쒬","c",0,0,0,0,0,0
32501,"69952","6995214","ȹ","ɱ","","","SØa쒬","⑺",0,0,0,0,0,0
32501,"69956","6995606","ȹ","ɱ","","","SØa쒬","c",0,0,0,0,0,0
32501,"69952","6995215","ȹ","ɱ","","","SØa쒬","yc",0,0,0,0,0,0
32501,"69956","6995632","ȹ","ɱ","ֶ","","SØa쒬","L",0,0,0,0,0,0
32501,"69956","6995621","ȹ","ɱ","Ų","","SØa쒬","",0,0,0,0,0,0
32501,"69956","6995634","ȹ","ɱ","Ŷ","","SØa쒬","",0,0,0,0,0,0
32501,"69956","6995612","ȹ","ɱ","Ŷ","","SØa쒬","",0,0,0,0,0,0
32501,"69956","6995636","ȹ","ɱ","Ŷ","","SØa쒬","]",0,0,0,0,0,0
32501,"69956","6995631","ȹ","ɱ","Ŷ","","SØa쒬","R",0,0,0,0,0,0
32501,"69956","6995633","ȹ","ɱ","Ŷ̸","","SØa쒬","",0,0,0,0,0,0
32501,"69956","6995615","ȹ","ɱ","ּ","","SØa쒬","",0,0,0,0,0,0
32501,"69952","6995221","ȹ","ɱ","","","SØa쒬","",0,0,0,0,0,0
32501,"69956","6995637","ȹ","ɱ","̷","","SØa쒬","",0,0,0,0,0,0
32501,"69956","6995616","ȹ","ɱ","޻","","SØa쒬","h",0,0,0,0,0,0
32501,"69952","6995207","ȹ","ɱ","ϸ׾","","SØa쒬","",0,0,0,0,0,0
32501,"69956","6995611","ȹ","ɱ","","","SØa쒬","c",0,0,0,0,0,0
32501,"69956","6995622","ȹ","ɱ","׷","","SØa쒬","WP",0,0,0,0,0,0
32501,"69956","6995604","ȹ","ɱ","","","SØa쒬","X",0,0,0,0,0,0
32501,"69952","6995217","ȹ","ɱ","ŷ","","SØa쒬","",0,0,0,0,0,0
32501,"69956","6995635","ȹ","ɱ","ϼ","","SØa쒬","R",0,0,0,0,0,0
32501,"69956","6995613","ȹ","ɱ","ܼ","","SØa쒬","h",0,0,0,0,0,0
32505,"69955","6995500","ȹ","ɱּ","ƹŲޱ","","Sg꒬","ȉɌfڂȂꍇ",0,0,0,0,0,0
32505,"69955","6995523","ȹ","ɱּ","","","Sg꒬","q",0,0,0,0,0,0
32505,"69955","6995506","ȹ","ɱּ","ز","","Sg꒬","L",0,0,0,0,0,0
32505,"69953","6995306","ȹ","ɱּ","ɷ׵","","Sg꒬","`ؑ쌴",0,0,0,0,0,0
32505,"69953","6995301","ȹ","ɱּ","ɷ׶ɷ","","Sg꒬","`ؑ`",0,0,0,0,0,0
32505,"69953","6995303","ȹ","ɱּ","ɷ׶","","Sg꒬","`ؑJ",0,0,0,0,0,0
32505,"69953","6995307","ȹ","ɱּ","ɷ׷","","Sg꒬","`ؑؕJ",0,0,0,0,0,0
32505,"69953","6995305","ȹ","ɱּ","ɷ׼ӽ","","Sg꒬","`ؑ{",0,0,0,0,0,0
32505,"69953","6995304","ȹ","ɱּ","ɷ׼","","Sg꒬","`ؑJ",0,0,0,0,0,0
32505,"69953","6995302","ȹ","ɱּ","ɷ̸","","Sg꒬","`ؑ",0,0,0,0,0,0
32505,"69955","6995501","ȹ","ɱּ","","","Sg꒬","㍂K",0,0,0,0,0,0
32505,"69955","6995504","ȹ","ɱּ","׷","","Sg꒬","",0,0,0,0,0,0
32505,"69955","6995505","ȹ","ɱּ","۳","","Sg꒬","Y",0,0,0,0,0,0
32505,"69955","6995515","ȹ","ɱּ","","","Sg꒬","Kn",0,0,0,0,0,0
32505,"69955","6995521","ȹ","ɱּ","","","Sg꒬","^c",0,0,0,0,0,0
32505,"69955","6995516","ȹ","ɱּ","","","Sg꒬","c",0,0,0,0,0,0
32505,"69955","6995517","ȹ","ɱּ","Ҷ","","Sg꒬","A",0,0,0,0,0,0
32505,"69955","6995507","ȹ","ɱּ","","","Sg꒬","K",0,0,0,0,0,0
32505,"69955","6995514","ȹ","ɱּ","޳","","Sg꒬","͓",0,0,0,0,0,0
32505,"69955","6995511","ȹ","ɱּ","","","Sg꒬","",0,0,0,0,0,0
32505,"69955","6995524","ȹ","ɱּ","","","Sg꒬","",0,0,0,0,0,0
32505,"69955","6995502","ȹ","ɱּ","","","Sg꒬","c쌴",0,0,0,0,0,0
32505,"69955","6995522","ȹ","ɱּ","Ƕ","","Sg꒬","s",0,0,0,0,0,0
32505,"69955","6995525","ȹ","ɱּ","Ǹ·","","Sg꒬","",0,0,0,0,0,0
32505,"69955","6995503","ȹ","ɱּ","˸","","Sg꒬","",0,0,0,0,0,0
32505,"69955","6995512","ȹ","ɱּ","۲","","Sg꒬","L",0,0,0,0,0,0
32505,"69955","6995513","ȹ","ɱּ","Ѳ","","Sg꒬","Zs",0,0,0,0,0,0
32525,"68404","6840400","ȹ","ݱ","ƹŲޱ","","BSCm","ȉɌfڂȂꍇ",0,0,0,0,0,0
32525,"68404","6840403","ȹ","ݱ","","","BSCm","Cm",0,0,0,0,0,0
32525,"68404","6840401","ȹ","ݱ","޶","","BSCm","F",0,0,0,0,0,0
32525,"68404","6840413","ȹ","ݱ","","","BSCm","",0,0,0,0,0,0
32525,"68404","6840411","ȹ","ݱ","","","BSCm","mX",0,0,0,0,0,0
32525,"68404","6840402","ȹ","ݱ","","","BSCm","Lc",0,0,0,0,0,0
32525,"68404","6840404","ȹ","ݱ","̸","","BSCm","",0,0,0,0,0,0
32525,"68404","6840412","ȹ","ݱ","","","BSCm","g",0,0,0,0,0,0
32526,"68402","6840300","ȹ","Ƽɼ","ƹŲޱ","","BSm","ȉɌfڂȂꍇ",0,0,0,0,0,0
32526,"68403","6840301","ȹ","Ƽɼ","","","BSm","F",0,0,0,0,0,0
32526,"68402","6840211","ȹ","Ƽɼ","׺޳","","BSm","Y",0,0,0,0,0,0
32526,"68403","6840302","ȹ","Ƽɼ","ޯ","","BSm","ʕ{",0,0,0,0,0,0
32526,"68403","6840303","ȹ","Ƽɼ","","","BSm","c",0,0,0,0,0,0
32527,"68401","6840100","ȹ","","ƹŲޱ","","BSmv","ȉɌfڂȂꍇ",0,0,0,0,0,0
32527,"68401","6840104","ȹ","","","","BSmv","",0,0,0,0,0,0
32527,"68401","6840107","ȹ","","","","BSmv","ÊC",0,0,0,0,0,0
32527,"68401","6840101","ȹ","","","","BSmv","]",0,0,0,0,0,0
32527,"68401","6840106","ȹ","","ز","","BSmv","",0,0,0,0,0,0
32527,"68401","6840102","ȹ","","","","BSmv","S",0,0,0,0,0,0
32527,"68401","6840103","ȹ","","","","BSmv","",0,0,0,0,0,0
32527,"68401","6840105","ȹ","","","","BSmv","mv",0,0,0,0,0,0
32528,"685  ","6850000","ȹ","ݵɼ","ƹŲޱ","","BSB̓","ȉɌfڂȂꍇ",0,0,0,0,0,0
32528,"685  ","6850006","ȹ","ݵɼ","׷","","BSB̓","L",0,0,0,0,0,0
32528,"685  ","6850004","ȹ","ݵɼ","","","BSB̓","ѓc",0,0,0,0,0,0
32528,"68504","6850411","ȹ","ݵɼ","","","BSB̓","є",0,0,0,0,0,0
32528,"685  ","6850007","ȹ","ݵɼ","","","BSB̓","rc",0,0,0,0,0,0
32528,"68504","6850431","ȹ","ݵɼ","()","","BSB̓","Ɍȋj",1,1,0,0,0,0
32528,"68504","6850306","ȹ","ݵɼ","(Ѻ޵)","","BSB̓","ɌiPuj",1,1,0,0,0,0
32528,"685  ","6850003","ȹ","ݵɼ","Ǹ","","BSB̓","",0,1,0,0,0,0
32528,"685  ","6850022","ȹ","ݵɼ","","","BSB̓","",0,1,0,0,0,0
32528,"68504","6850413","ȹ","ݵɼ","޷","","BSB̓","K~",0,0,0,0,0,0
32528,"685  ","6850001","ȹ","ݵɼ","","","BSB̓","v",0,0,0,0,0,0
32528,"685  ","6850002","ȹ","ݵɼ","","","BSB̓","",0,0,0,0,0,0
32528,"685  ","6850026","ȹ","ݵɼ","Ƽ","","BSB̓","㐼",0,0,0,0,0,0
32528,"685  ","6850024","ȹ","ݵɼ","","","BSB̓","",0,1,0,0,0,0
32528,"68504","6850435","ȹ","ݵɼ","","","BSB̓","",0,1,0,0,0,0
32528,"68503","6850301","ȹ","ݵɼ","","","BSB̓","k",0,0,0,0,0,0
32528,"68503","6850305","ȹ","ݵɼ","","","BSB̓","v",0,0,0,0,0,0
32528,"68501","6850101","ȹ","ݵɼ","","","BSB̓","c",0,0,0,0,0,0
32528,"68503","6850312","ȹ","ݵɼ","","","BSB̓","H",0,0,0,0,0,0
32528,"68503","6850311","ȹ","ݵɼ","","","BSB̓","S",0,0,0,0,0,0
32528,"685  ","6850011","ȹ","ݵɼ","","","BSB̓","h",0,1,0,0,0,0
32528,"685  ","6850017","ȹ","ݵɼ","Ƽ","","BSB̓","",0,1,0,0,0,0
32528,"685  ","6850016","ȹ","ݵɼ","ޮθ","","BSB̓","k",0,1,0,0,0,0
32528,"68503","6850304","ȹ","ݵɼ","","","BSB̓","",0,0,0,0,0,0
32528,"68501","6850106","ȹ","ݵɼ","","","BSB̓","",0,0,0,0,0,0
32528,"68501","6850105","ȹ","ݵɼ","","","BSB̓","Ì",0,0,0,0,0,0
32528,"68501","6850104","ȹ","ݵɼ","","","BSB̓","s",0,0,0,0,0,0
32528,"685  ","6850005","ȹ","ݵɼ","ĳ޳","","BSB̓","",0,0,0,0,0,0
32528,"685  ","6850013","ȹ","ݵɼ","Ŷ","","BSB̓","",0,0,0,0,0,0
32528,"68504","6850434","ȹ","ݵɼ","Ŷ","","BSB̓","",0,1,0,0,0,0
32528,"68501","6850103","ȹ","ݵɼ","Ÿ","","BSB̓","ߋv",0,0,0,0,0,0
32528,"68503","6850313","ȹ","ݵɼ","Ÿ","","BSB̓","ߋvH",0,0,0,0,0,0
32528,"68503","6850302","ȹ","ݵɼ","ܼ","","BSB̓","cc",0,0,0,0,0,0
32528,"685  ","6850023","ȹ","ݵɼ","Ƽ","","BSB̓","c",0,1,0,0,0,0
32528,"685  ","6850014","ȹ","ݵɼ","Ƽ","","BSB̓","",0,0,0,0,0,0
32528,"68504","6850432","ȹ","ݵɼ","Ƽ","","BSB̓","",0,1,0,0,0,0
32528,"685  ","6850027","ȹ","ݵɼ","","","BSB̓","c",0,1,0,0,0,0
32528,"685  ","6850012","ȹ","ݵɼ","˶޼","","BSB̓","",0,0,0,0,0,0
32528,"68504","6850412","ȹ","ݵɼ","̾","","BSB̓","z{",0,0,0,0,0,0
32528,"685  ","6850025","ȹ","ݵɼ","Ͳ","","BSB̓","",0,1,0,0,0,0
32528,"685  ","6850021","ȹ","ݵɼ","л","","BSB̓","",0,0,0,0,0,0
32528,"68504","6850433","ȹ","ݵɼ","","","BSB̓","",0,1,0,0,0,0
32528,"685  ","6850015","ȹ","ݵɼ","","","BSB̓","`",0,0,0,0,0,0
32528,"68503","6850303","ȹ","ݵɼ","ж","","BSB̓","",0,0,0,0,0,0
32528,"68503","6850314","ȹ","ݵɼ","","","BSB̓","Rc",0,0,0,0,0,0
32528,"68501","6850102","ȹ","ݵɼ","ղ","","BSB̓","",0,0,0,0,0,0
